audit,sigma,seconds,SF_n,SF_mean,SF_std,SF_min,SF_q50,SF_q75,SF_q90,SF_q95,SF_q99,SF_max,b_probe_mean,SF_over_threshold_mean,b_probe_q50,SF_over_threshold_q50,b_probe_q75,SF_over_threshold_q75,b_probe_q90,SF_over_threshold_q90,b_probe_q95,SF_over_threshold_q95,b_probe_q99,SF_over_threshold_q99,b_probe_max,SF_over_threshold_max,first_K
large_noise_margin,79.99999999999999,89.26486372947693,128,6.052419185638428,0.7763056755065918,4.6380510330200195,5.9428324699401855,6.473996639251709,7.251141023635864,7.557716512680053,7.729530282020569,8.168050765991211,0.9621347966992637,0.03782761991024018,0.9628196869188536,0.03714270293712617,0.9595000405343435,0.04046247899532319,0.954643077857047,0.04531963139772416,0.9527270558951287,0.04723572820425034,0.9516532617818331,0.048309564262628564,0.9489126158134997,0.05105031728744508,17
large_noise_margin,76.84325384626491,86.51075005531311,128,6.189072608947754,0.8027187585830688,4.725820541381836,6.077558517456055,6.6406484842300415,7.432980155944824,7.7301421642303465,7.900937666893006,8.364951133728027,0.9596886079475124,0.04027076092671591,0.9604141717728736,0.03954516638256244,0.9567504400879374,0.04320905318191976,0.9515951526171431,0.048364558916359025,0.9496616749678212,0.05029811842491416,0.9485503980286585,0.051409442413122404,0.9455313052708525,0.054428662992741156,136
large_noise_margin,73.7938836159023,86.57574987411499,128,6.331516265869141,0.8303759098052979,4.816987037658691,6.220107316970825,6.8084739446640015,7.62343578338623,7.909981393814087,8.079154901504516,8.569192886352539,0.9570560552422727,0.04290000712541928,0.957810886327072,0.042145141386964596,0.9538245151761626,0.04613169554879479,0.9483028893563709,0.05165357486174781,0.9463614516522851,0.053595101695593075,0.9452152472980385,0.05474135867111003,0.9418950839955973,0.058061674399434306,68
large_noise_margin,70.84882825200987,86.56169629096985,128,6.4799933433532715,0.8593829870223999,4.9117560386657715,6.372813940048218,6.993694543838501,7.823334407806397,8.1115017414093,8.26454864501953,8.78111457824707,0.9542213491007122,0.04573112571674356,0.9549777064613333,0.04497473068559487,0.9505961965791867,0.049356458789705536,0.9447414875732891,0.055211459390540174,0.9427079113717053,0.05724513687478798,0.9416278703517306,0.058325231686418746,0.9379825016167439,0.06197078197971442,136
large_noise_margin,68.00509691086583,86.53070211410522,128,6.634768962860107,0.8897948861122131,5.010268688201904,6.524066209793091,7.188464522361755,8.0330171585083,8.32419056892395,8.457402076721191,9.000814437866211,0.9511671726337578,0.04878140951373313,0.9519810584606249,0.04796747969011921,0.9470964069500467,0.05285239525342978,0.9408872621766851,0.05906187567850365,0.9387465574034772,0.061202696173159286,0.9377671873772764,0.06218211914179238,0.9337720236923001,0.06617749879588852,34
large_noise_margin,65.25976774704662,86.45220756530762,128,6.796106338500977,0.9216801524162292,5.112784385681152,6.695162057876587,7.393255591392517,8.251011562347411,8.549252700805663,8.665547733306886,9.227952003479004,0.9478747098406772,0.05206964852252741,0.9486480680587606,0.051296244907181585,0.9432998069408851,0.05664481997583499,0.9367283337960493,0.06321667887579034,0.9344434372771921,0.06550170952142689,0.9335524732864562,0.06639272581305694,0.9292437599890568,0.0707016920382514,136
large_noise_margin,62.60998671263917,86.44658589363098,128,6.964249610900879,0.9551205635070801,5.2193379402160645,6.849611520767212,7.596382021903992,8.469913482666016,8.787550973892213,8.916806354522706,9.46265983581543,0.9443236511054414,0.05561612433224647,0.9452390863701285,0.05470063068536374,0.9392757974617773,0.0606642999044951,0.9323002668762381,0.06764027535687195,0.9297637926509945,0.07017691134662274,0.9287316319316232,0.07120913789239518,0.9243727532592296,0.07556829455375998,68
large_noise_margin,60.05296637046716,86.64077472686768,128,7.139470100402832,0.9902313947677612,5.330203533172607,7.015023231506348,7.7910672426223755,8.69108018875122,9.046016550064087,9.180179138183593,9.704731941223145,0.9404916938280437,0.05944310940744702,0.941527764567839,0.058406966845156505,0.9350668829093409,0.0648682963848882,0.9275739095047884,0.07236178921733763,0.9246189201048411,0.07531698346305783,0.9235019620555273,0.07643401894213689,0.9191348468719461,0.08080143686287357,136
large_noise_margin,57.58598472124816,86.56341671943665,128,7.322056770324707,1.0270872116088867,5.445822238922119,7.193022727966309,8.01146912574768,8.9206374168396,9.274003601074218,9.454908561706544,9.954121589660645,0.9363544197379006,0.06357498969382913,0.9374746950618704,0.06245462991372809,0.9303689322207764,0.06956092844924121,0.9224755206587554,0.07745493508551614,0.9194075906048873,0.08052309642672728,0.9178369712576517,0.08209383418095705,0.9135027969080032,0.08642833527849493,17
large_noise_margin,55.20638404459907,86.55303764343262,128,7.512245178222656,1.0657912492752075,5.566282272338867,7.378293037414551,8.256681680679321,9.15766887664795,9.50886812210083,9.742343730926514,10.210550308227539,0.9318857291037499,0.06803783030014979,0.9330988238954058,0.06682463600091901,0.925143977621462,0.07478013479391325,0.9169844747707839,0.08294030695118366,0.9138039509439742,0.08612109166957022,0.9116895536425464,0.08823566241049276,0.9074493902758665,0.0924761735887179,136
large_noise_margin,52.911569753808585,86.57355999946594,128,7.710293769836426,1.106490135192871,5.692255973815918,7.571409702301025,8.515000104904175,9.39885950088501,9.757058668136597,10.056232481002809,10.473548889160156,0.9270570288924704,0.07286018734382226,0.9283693285209409,0.07154777053043332,0.9194534510071376,0.08046444420873813,0.9111019649256249,0.08881667605607635,0.9077173820685389,0.09220156114754356,0.9048905230166728,0.0950286726305163,0.9009473481291723,0.09897219963320279,68
large_noise_margin,50.69900926429383,86.5985996723175,128,7.916416168212891,1.149317741394043,5.823949337005615,7.772220134735107,8.787387609481812,9.642408180236817,10.017431306838988,10.386054544448854,10.743176460266113,0.9218376496705021,0.07807269099623457,0.9232595907716028,0.07665061159497753,0.9132488552331295,0.08666232079283027,0.9048173549864154,0.09509464110009491,0.9011191894771604,0.09879316629855762,0.8974841343391213,0.10242857498759368,0.8939624956507546,0.10595055619590077,136
large_noise_margin,48.5662308756586,86.54262566566467,128,8.130827903747559,1.1944262981414795,5.9619011878967285,7.981047868728638,9.070292711257935,9.899444007873536,10.287450790405273,10.732538204193116,11.018856048583984,0.9161942343724265,0.08370865678833984,0.9177360892640285,0.08216663847316119,0.9065232631460898,0.09338065305582491,0.8979878733499577,0.10191694753107904,0.8939936817639715,0.10591156246758841,0.8894118948385478,0.11049383502367141,0.8864645022246309,0.11344154003627484,34
large_noise_margin,46.510822667272016,86.56315588951111,128,8.35369873046875,1.2419922351837158,6.106601238250732,8.19684886932373,9.353677034378052,10.189678859710693,10.582051277160645,11.096308326721191,11.300155639648438,0.9100910078712783,0.0898038160949037,0.9117769782288855,0.08811765089560065,0.8993422971849319,0.10055376897213963,0.8903561604671366,0.10954094418631732,0.886138571365469,0.11375902070000206,0.8806108511914104,0.11928737969334245,0.8784197078613218,0.12147877624619988,136
large_noise_margin,44.53043140728403,86.58376860618591,128,8.585134506225586,1.2922396659851074,6.25858736038208,8.412712574005127,9.644463539123535,10.469317054748535,10.904555082321167,11.47817536354065,11.586738586425781,0.903489828547895,0.09639626469934985,0.905425585642045,0.09446026355618267,0.8915968885717362,0.10829070406834135,0.882336372673654,0.11755238747851009,0.8774500157661097,0.12243936042956755,0.8710100605097264,0.12888012759812514,0.8697912362792046,0.13009910549093054,68
large_noise_margin,42.62276147499661,86.57713437080383,128,8.825272560119629,1.3453893661499023,6.418353080749512,8.66122817993164,9.916632413864136,10.797124290466309,11.237525939941406,11.87663327217102,11.892170906066895,0.8963489557713917,0.10352769570428604,0.8982730663066426,0.10160332038801025,0.8835481698503299,0.1163302431692681,0.8732206981379089,0.12665913606747564,0.8680551359130656,0.1318254091365428,0.8605589135512273,0.13932266306980248,0.8603766694229147,0.13950493227712485,136
large_noise_margin,40.78557379650796,86.65107727050781,128,9.07408332824707,1.401733636856079,6.586572170257568,8.921445846557617,10.196594953536987,11.104555606842041,11.523814678192139,12.25281717300415,12.342622756958008,0.8886251148613525,0.11124133466309095,0.8904960526858563,0.10937011565743213,0.8748660470691246,0.12500247029024286,0.8637368151751803,0.13613337478401258,0.858597791351064,0.14127317094627712,0.8496621202000136,0.15021018502935993,0.8485613377315714,0.15131113293316933,17
large_noise_margin,39.01668479354711,86.61279821395874,128,9.331533432006836,1.4615083932876587,6.763711929321289,9.137235164642334,10.473479747772217,11.463276958465576,11.827970790863036,12.645027236938477,12.81804370880127,0.8802715532070596,0.11958388419446339,0.8827610825583903,0.11709394600016765,0.8656398793928594,0.1342179608953399,0.8529576808261397,0.14690224219615738,0.8482848856833016,0.15157580472879184,0.8378160017771848,0.16204640788739966,0.8355991545000137,0.16426361922632163,136
large_noise_margin,37.31396534541737,86.56493425369263,128,9.597448348999023,1.5250276327133179,6.950125694274902,9.383909225463867,10.835003852844238,11.871478843688964,12.191022443771363,13.050723972320558,13.318462371826172,0.8712395921477033,0.12860397253621977,0.8741004618844277,0.12574258911638736,0.8546595620817627,0.14518697962738653,0.8407734887239166,0.15907554629739898,0.8364924342740083,0.16335736943150395,0.8249746662653877,0.17487720551151972,0.8213876669754027,0.17846484886471398,68
large_noise_margin,35.675339763966086,86.61669254302979,128,9.871589660644531,1.5925593376159668,7.146542072296143,9.637475967407227,11.17191743850708,12.246510028839111,12.671197080612181,13.470060882568362,13.84426212310791,0.8614776540382152,0.1383531274818487,0.8647581794276388,0.1350719577048229,0.8432567707106986,0.1565775899041512,0.828199008701462,0.17163830968203855,0.8222480682133768,0.17759041910247952,0.8110539644052226,0.1887867217479707,0.8058104579132742,0.1940312582123089,136
large_noise_margin,34.09878478149797,86.56020760536194,128,10.153486251831055,1.6644233465194702,7.352976322174072,9.867372989654541,11.51132869720459,12.606296634674072,13.10682225227356,13.920166807174684,14.394613265991211,0.8509336359870581,0.1488834032780597,0.8551280927619684,0.1446880446456348,0.8310274932206168,0.16879382609920232,0.8149751241389099,0.1848496466289652,0.807637354991875,0.192188993482626,0.7957136204795725,0.20411529173801787,0.7887581751137177,0.21107223260639102,34
large_noise_margin,32.582328551550795,86.54377269744873,128,10.442548751831055,1.7407811880111694,7.5695295333862305,10.10412311553955,11.900606155395508,13.043443393707275,13.61914415359497,14.416956882476809,14.968416213989258,0.8395536355147876,0.16024865649656014,0.8447458052220671,0.15505526407594084,0.8171839310053419,0.18262362888776842,0.7996503748772172,0.20016131402441548,0.7908178996584309,0.20899586921860364,0.7785777539993287,0.22123889733152016,0.7701171938974063,0.22970144982588758,136
large_noise_margin,31.124049662450005,86.52178263664246,128,10.737996101379395,1.8217790126800537,7.796051979064941,10.380378246307373,12.240004777908325,13.487333965301513,14.011774253845214,14.940193815231327,15.562524795532227,0.8272833015729375,0.1725031963680225,0.8330268598524,0.166758155813363,0.8031601370062111,0.19663258654729995,0.7831272785237273,0.2166706150320386,0.7747044514231559,0.2250956158630908,0.7597934737329057,0.2400104417205083,0.7497984631265329,0.25000803180037057,68
large_noise_margin,29.72207616356115,86.65105485916138,128,11.038823127746582,1.9074896574020386,8.032207489013672,10.665013313293457,12.51967477798462,13.921212577819825,14.371110677719114,15.50380704879761,16.17335319519043,0.8140688801331228,0.1857007408735468,0.8203555213370535,0.17941232056945963,0.7891642825507534,0.21061238638055785,0.7655935657299535,0.23418977364183993,0.7580272905198314,0.24175819008461283,0.7389778824983151,0.26081298903010447,0.7277176206509794,0.2720764374969662,136
large_noise_margin,28.37458460415684,86.47160291671753,128,11.34373950958252,1.9977366924285889,8.230692863464355,10.925856113433838,12.883763074874878,14.413071727752685,14.795910120010376,16.08555338859558,16.79523468017578,0.799859023374266,0.1998926093163083,0.8072204294295674,0.19252891744242864,0.7727300708881599,0.22702998571805388,0.7457898715850171,0.2539785503263577,0.7390458159825664,0.2607247000515171,0.7163275461158112,0.2834500242558453,0.7038258477824466,0.29595560453976305,17
large_noise_margin,27.079799084816763,86.59741401672363,128,11.65127182006836,2.092280626296997,8.377296447753906,11.194499969482422,13.252317905426025,14.814605140686036,15.370983600616455,16.68292371749878,17.420061111450195,0.7846040387589315,0.2151284760934776,0.793034976166675,0.2066946644327027,0.7550524818596877,0.24469010763186202,0.7262163224586702,0.2735360977805844,0.715946880581565,0.2838090406888346,0.6917315420182233,0.30803263468178105,0.678125714029175,0.3216431011339623,136
large_noise_margin,25.835990321278224,86.61497282981873,128,11.959510803222656,2.1904850006103516,8.520222663879395,11.469252109527588,13.486564636230469,15.354028129577637,16.092733335494994,17.291886882781984,18.041114807128906,0.7682616631741395,0.23145059768374623,0.7777460130755072,0.22196269558286766,0.7387198864413049,0.26100343877902543,0.7025926796692178,0.29714417637268264,0.6883019822537839,0.31144022612210853,0.6651036341689869,0.33464726274766765,0.6506093684236425,0.3491469570700073,68
large_noise_margin,24.641474720654717,86.57298684120178,128,12.266105651855469,2.2911417484283447,8.654946327209473,11.740007400512695,13.839742183685303,15.772210216522216,16.765264987945553,17.907148399353026,18.64731216430664,0.7507994091889805,0.24889146836601267,0.7614700719426765,0.23821641223997259,0.718881901983446,0.28082211678842217,0.679686343723995,0.32003381281603654,0.6595445688088317,0.3401838805916261,0.6363841557945898,0.3633538293132895,0.6213716787559995,0.3783724873551559,136
large_noise_margin,23.494613469940717,86.54524636268616,128,12.56834602355957,2.3928000926971436,8.71668529510498,12.00571584701538,14.21455717086792,16.136204147338866,17.365827941894526,18.521447162628174,19.226696014404297,0.7321954617775543,0.26747292607387774,0.7441636407130742,0.2554993267366504,0.6971775221113085,0.30250672540440365,0.6563005556347359,0.34340220510509173,0.6301441953644666,0.36957041162036075,0.6055620485268804,0.39416369173991156,0.5905601079911446,0.4091724266713976,34
large_noise_margin,22.39381163672026,86.61971521377563,128,12.863473892211914,2.4938759803771973,8.758109092712402,12.286900520324707,14.476605653762817,16.47837963104248,17.8036319732666,19.165061359405517,19.766231536865234,0.7124343758728848,0.2872104602130132,0.7253014592034408,0.27433696236368393,0.6764349665850369,0.3232278159834299,0.6317624342925905,0.36792261849747027,0.6021874779160963,0.3975123186280867,0.5718051775632731,0.42790976521343066,0.5583891803175095,0.4413324506234023,136
large_noise_margin,21.33751728199683,86.56503415107727,128,13.148391723632812,2.5925323963165283,8.779205322265625,12.549332618713379,14.784868001937866,16.891323471069335,18.230620956420896,19.78279932022095,20.25330352783203,0.6915152835942286,0.30810500467002655,0.7055452743746842,0.29406731000756275,0.6531889366469738,0.34645239665282773,0.6038556562266231,0.39581276602693377,0.5724892497778022,0.42719639580099306,0.5361371637233452,0.46356844282236037,0.5251179343338899,0.4745937228817247,68
large_noise_margin,20.324220585062683,86.55861926078796,128,13.419517517089844,2.686328649520874,8.780892372131348,12.797447681427002,15.045297861099243,17.417875480651855,18.80811777114868,20.398411655426024,20.673219680786133,0.6694587390918241,0.3301360920810055,0.6847531404833928,0.3148324342344647,0.6294868006850898,0.3701322222451376,0.5711538734705357,0.42850045362755873,0.5369729465015632,0.4627020675265583,0.497873489170092,0.5018251885737224,0.49111697405792076,0.5085857928539692,136
large_noise_margin,19.352452980325225,86.5928602218628,128,13.673230171203613,2.772655963897705,8.767319679260254,12.987589836120605,15.397724866867065,18.04250564575195,19.363944816589353,20.992972126007082,21.14783477783203,0.6462999206182887,0.3532686575987183,0.6640026624508457,0.33555409873168296,0.6017747040771,0.39782359586459776,0.533488360732612,0.4661555220956992,0.49936974884270524,0.5002969090346275,0.45730943176215355,0.5423853024562235,0.4533109891319802,0.5463864141494644,17
large_noise_margin,18.420786306007955,86.51562237739563,128,13.90585708618164,2.849229097366333,8.743621826171875,13.214464664459229,15.681997299194336,18.31005115509033,19.884596729278563,21.360996856689454,21.883209228515625,0.622091520950711,0.37745014939037197,0.6408443417519032,0.3586835123359886,0.5739167968924959,0.4256603664654543,0.5026353921980046,0.49699428816234875,0.4599285732217373,0.5397325716436215,0.41988377933866283,0.5798068687687492,0.4057196740905531,0.5939814095063466,136
large_noise_margin,17.52783196464411,86.5602400302887,128,14.11345100402832,2.915181875228882,8.716680526733398,13.376655578613281,15.78425407409668,18.731505584716796,20.35539484024048,21.703201656341555,22.52629852294922,0.5969131090439062,0.4026011611845938,0.6179138910378348,0.38158329009530995,0.5492904314064506,0.4502625911161046,0.46528531367523696,0.5343360668478752,0.4189998142527539,0.5806592304541692,0.3805834558735939,0.6191068496126532,0.35712283538212397,0.6425865608589715,68
large_noise_margin,16.67224009528057,86.55788826942444,128,14.294157981872559,2.9659435749053955,8.693689346313477,13.539976596832275,15.903879880905151,18.836229324340817,20.753546524047852,21.988207187652588,23.017160415649414,0.5708052327531987,0.42868138595001465,0.593402786553612,0.4060635079465132,0.522573099292162,0.4769568993133406,0.4347110469741906,0.5648979746180841,0.37726242860167103,0.6223982621844134,0.3402682633723453,0.6594256999057018,0.3094377146622027,0.6902839775611469,136
large_noise_margin,15.852698757309602,86.54691290855408,128,14.445026397705078,3.0045411586761475,8.682280540466309,13.665993213653564,15.986659288406372,18.822215652465818,21.247592067718504,22.177546253204348,23.322458267211914,0.5438574817496997,0.45560149154554985,0.568404058576343,0.43103049590695847,0.4952821309626181,0.5042251648488243,0.40593651185217483,0.5936596645346265,0.32951526340046333,0.6701569364623592,0.30021331282042585,0.6994880364763882,0.2641382504393537,0.7355989861492209,34
large_noise_margin,15.067933125846643,86.6074845790863,128,14.566507339477539,3.0424444675445557,8.684947967529297,13.9008150100708,15.964335203170776,19.020333862304685,21.34189529418945,23.151656761169438,23.684080123901367,0.5160705846504443,0.483361162337886,0.5381359909122722,0.4612714595283862,0.4697374088964409,0.5297453562422074,0.3684415865313463,0.6311527169469026,0.29148982684683744,0.7081892093607989,0.23150247196548657,0.7682426172125908,0.2138544726075272,0.7859100490456482,136
large_noise_margin,14.316704698571334,86.6489508152008,128,14.666056632995605,3.1139276027679443,8.703949928283691,13.953432559967041,15.926758289337158,19.120787048339842,21.145936012268066,23.14410734176636,27.048120498657227,0.4872049049653373,0.5122008500482353,0.5120624387900079,0.48731299743017875,0.44322949738172,0.5562298945415314,0.33181636818941207,0.6677789145936602,0.2611757446459174,0.738505698674438,0.19147614665254442,0.808290309433983,0.05529755997226504,0.9446349934617413,68
large_noise_margin,13.597810513950062,86.61945533752441,128,14.753443717956543,3.2986838817596436,8.712675094604492,14.022258758544922,16.059534549713135,19.117602348327637,20.80920658111572,23.033789691925055,32.789695739746094,0.4568888942342991,0.5424933559274455,0.4837387195714885,0.5156072275076717,0.40892796416348887,0.5905191329603239,0.29663272996152334,0.7029661991801839,0.23451537154846336,0.7651675451635191,0.15282650855358437,0.846966857947262,-0.20541988316761484,1.205697627059407,136
large_noise_margin,12.91008238075732,86.54977774620056,128,14.821638107299805,3.563317060470581,8.781740188598633,14.030837535858154,16.012208700180054,19.1877498626709,20.503740501403808,22.904459533691412,38.704769134521484,0.42532857658577217,0.5740334441781598,0.45590995279997604,0.5434061968795543,0.37928752840587077,0.620143552455037,0.2564848617401345,0.7431304191858039,0.2055936430551326,0.7940979730681252,0.11275444368891951,0.8870764282585395,-0.498265868705397,1.4990132515425134,17
large_noise_margin,12.25238611881397,86.64863848686218,128,14.857386589050293,3.7583608627319336,8.844305992126465,14.04337453842163,15.827427625656128,19.71857395172119,21.059643459320064,23.30378004074097,41.704742431640625,0.39303961881300975,0.6063058429996853,0.42620290239496705,0.5730873318160262,0.35351963141448106,0.6458916439693553,0.19499226198484332,0.8046830127824093,0.14035637748009933,0.8594098837198022,0.04892906041663714,0.9509894568600478,-0.700735927317943,1.701902879456334,136
large_noise_margin,11.623620810860025,86.58337092399597,128,14.85900592803955,3.9067959785461426,8.907049179077148,13.9779953956604,15.696247100830078,19.17545108795166,20.95971565246582,27.83554317474367,41.57948684692383,0.3601607110472623,0.6391728605838847,0.3979881388126566,0.6012754383126757,0.3242125823677767,0.6751875063820463,0.17482806008686202,0.8248484443864476,0.09821814857281264,0.9016001121132161,-0.1970051880017174,1.197369719284749,-0.7871207625193912,1.788577222343482,68
large_noise_margin,11.022718065479586,86.54419565200806,128,14.805299758911133,4.054643630981445,8.97221851348877,13.814900398254395,15.76713752746582,18.901254081726073,20.76280183792114,32.884972572326696,39.59565353393555,0.3277444618294434,0.6715811685902433,0.37257758219825865,0.6266557992406261,0.28420425959800155,0.715210959483967,0.1423299508001119,0.85737718997459,0.05806192929164755,0.9418186020263494,-0.49068109423631,1.4916907235119377,-0.7944583171022706,1.7960930007789684,136
large_noise_margin,10.448641290995925,86.58870244026184,128,14.687334060668945,4.078969478607178,9.0308198928833,13.646597385406494,15.709832668304443,18.628043937683106,20.318341445922847,34.17413028717044,38.349613189697266,0.29648643064935865,0.7028346390513807,0.3461751359638935,0.6530321505613556,0.24766847966621497,0.7517643792519861,0.10834203594965774,0.8914098694217664,0.02764083959791319,0.9722958650820992,-0.6338869272212508,1.6353384777703042,-0.8332402741542904,1.8351483279814043,34
large_noise_margin,9.900384980254326,86.57036209106445,128,14.480792999267578,3.8083930015563965,9.090627670288086,13.439638137817383,15.547430753707886,18.506529998779296,19.640778350830075,31.866373100280768,34.52796936035156,0.2679917277152548,0.7313247428331614,0.3204394905856569,0.6787432087046043,0.21426027422563432,0.7851932417131366,0.06519682433757423,0.9346368871356703,0.008059513830620979,0.9919199298816324,-0.6077999688554676,1.6093502002112128,-0.7418768239647109,1.743769026619437,136
large_noise_margin,9.376974006210345,86.4317262172699,128,14.227083206176758,3.5073750019073486,9.137511253356934,13.268961429595947,15.31676697731018,18.112470436096192,18.86076717376709,28.113850345611574,33.646488189697266,0.24069760139507745,0.7586180358799224,0.29164182512124204,0.7075289651441898,0.1827581043663199,0.8167222692078451,0.03410795784249321,0.965795064809839,-0.005679673906684668,1.0056958226222903,-0.49767469039141377,1.4990897024451517,-0.7918501772807609,1.794101602895203,68
large_noise_margin,8.877462928241497,86.63747477531433,128,13.997296333312988,3.4240169525146484,9.100537300109863,13.053771495819092,15.072696447372437,17.744801330566407,18.750513172149653,24.348750591278083,36.866329193115234,0.2109694654461267,0.7883612945757273,0.2639430035168262,0.7352197131847028,0.1505918827693683,0.8489304077757568,0.0005684343832588201,0.9994297624220778,-0.05589654927289012,1.0560738650059263,-0.37020564985651194,1.3713800208513647,-1.0729962922085035,2.0764000644730345,136
large_noise_margin,8.400935309099815,86.56190538406372,128,13.819673538208008,3.6016550064086914,9.205789566040039,12.819257736206055,14.861904859542847,17.488851928710936,19.699787425994867,22.159780559539797,41.106380462646484,0.17686545824342448,0.8225080321258198,0.23619721751653588,0.7629661022577067,0.11505374181452432,0.8845387038895878,-0.040742868773982144,1.0408871920348663,-0.17186703977440265,1.172475843532341,-0.31776209673064004,1.3188877038212954,-1.4414299778712132,2.4465359480938056,17
large_noise_margin,7.946503042423345,86.50959920883179,128,13.675891876220703,4.044414520263672,9.221874237060547,12.582796096801758,14.641838788986206,17.076094245910642,20.331523704528802,23.519040222167977,46.816505432128906,0.13895239244785118,0.8604974919917818,0.20745958667987074,0.791719076279655,0.07841395289242437,0.9212756045532872,-0.07414725403723954,1.0744408046374547,-0.2781736005196521,1.2792748958873206,-0.47794366395156385,1.4798358533690106,-1.9380572279257269,2.945730038873292,136
large_noise_margin,7.513305690723954,86.50630211830139,128,13.627888679504395,4.78982400894165,9.104884147644043,12.330827236175537,14.456149339675903,17.15963668823242,21.866551399230957,25.167519912719726,54.487850189208984,0.0926726214626713,0.9069169577599911,0.17860965814937213,0.8205993302920824,0.03779606406795466,0.9620365478755705,-0.14132397118547801,1.1419498550031033,-0.45318144276533145,1.455188454945188,-0.6718876988986467,1.6748632991062737,-2.6145113977190553,3.6260903277555006,68
large_noise_margin,7.100509833769679,86.6431884765625,128,13.599106788635254,5.861034870147705,8.956145286560059,12.135301113128662,13.95799469947815,16.72361640930176,23.4997495651245,31.99421901702883,64.09905242919922,0.042176052259921604,0.957614812668702,0.1447449568843594,0.8545373076883692,0.01702876630929895,0.9828867944872498,-0.17675842425067834,1.17763490233934,-0.6515622640032066,1.654793114528258,-1.246769976082918,2.2529522362511125,-3.496356551224967,4.513693659316353,136
large_noise_margin,6.707308427278882,86.55304002761841,128,13.483213424682617,6.638596534729004,8.821876525878906,11.983374118804932,13.669560670852661,16.265019989013673,21.68839616775511,38.23604351043702,69.6240463256836,-0.005085309826089568,1.005113569091729,0.10610315842900009,0.8933072221688872,-0.018899899685152155,1.019004927167061,-0.21131060986843164,1.2124848711938765,-0.613364941770691,1.6167734347467582,-1.8401014021687054,2.8503269176447557,-4.1670066519090545,5.190162870885728,34
large_noise_margin,6.332920171844227,86.52147030830383,128,13.314104080200195,7.088860511779785,8.601106643676758,11.714958190917969,13.373467206954956,15.710503196716308,20.267219924926728,52.91322525024424,63.18558883666992,-0.05086498803845929,1.0511820549541964,0.07460946309740002,0.9249254587956083,-0.055522821821595514,1.0558689233453917,-0.23889465178744973,1.2403838016594806,-0.5964302176703227,1.6001480655822522,-3.157947354678468,4.1776324203085,-3.963952104784963,4.988661401227601,136
large_noise_margin,5.976588892004314,86.58453583717346,128,13.020505905151367,7.114072799682617,8.466376304626465,11.278195858001709,13.439522743225098,15.41986961364746,19.5479462623596,42.38104787826544,74.74495697021484,-0.08867180579006118,1.0892924158269148,0.05607635090754137,0.9435311731989853,-0.1234830123463534,1.1243472644743018,-0.28800686364621375,1.2900226109141195,-0.6309604536717278,1.6353765179090294,-2.5278957184360746,3.5455883484778634,-5.216634265431357,6.253145257339953,68
large_noise_margin,5.6375829253804275,86.56580400466919,128,12.419578552246094,4.523869514465332,8.460874557495117,10.90525197982788,13.304745197296143,15.760993480682373,20.85086870193481,33.109269847869896,37.35245132446289,-0.10070636824566859,1.1014985248671987,0.032551790500935374,0.9671921570086695,-0.17859952514571287,1.1800043895938197,-0.39474518991197893,1.3978502568650741,-0.8426455388776215,1.849273791438534,-1.9213639577692603,2.936477412936295,-2.2947566995313857,3.3128072632246313,136
large_noise_margin,5.315194521796382,86.53374290466309,128,11.901189804077148,3.5702755451202393,8.233919143676758,10.74560832977295,12.997359991073608,16.420917510986328,18.596753215789793,25.19873411178589,26.531879425048828,-0.11849555889876517,1.1195441441769558,-0.010743598946725386,1.0108386706928314,-0.2207077254281583,1.2226608017612943,-0.5399366512823559,1.5447146330814374,-0.7428220098135393,1.7493953551021335,-1.3584223780505238,2.370443264912668,-1.4827312421152161,2.4958521570798333,17
large_noise_margin,5.008739252299154,86.52361416816711,128,11.497231483459473,3.3117682933807373,7.953351020812988,10.459728240966797,12.58081865310669,14.883287048339843,18.674644088745108,23.248970603942876,24.206459045410156,-0.1462596137543416,1.1477171104666624,-0.043712211800374656,1.0441478098670722,-0.25336197689588047,1.2558867630543689,-0.48093924349314265,1.4857318677058293,-0.855679098222981,1.8642060554632498,-1.307808094654514,2.320840578122622,-1.402446788831044,2.416422359608628,136
large_noise_margin,4.7175554279980485,86.51537132263184,128,11.273316383361816,3.580389976501465,7.674082279205322,10.243680953979492,12.402998685836792,14.986833190917967,17.313004970550537,26.61456552505495,27.945634841918945,-0.19266184422543065,1.1948260656839578,-0.08474602210899818,1.0856979965921165,-0.31106355314399914,1.3145578123180794,-0.5818745769992231,1.5884109280384024,-0.8256800374753512,1.8349551197427605,-1.800574185015798,2.820800511118654,-1.9400832146434088,2.9618766825785885,68
large_noise_margin,4.441003528640092,86.54127264022827,128,11.087538719177246,3.683488607406616,7.3984293937683105,10.076606750488281,12.286950588226318,14.754889678955077,17.850169754028318,24.7521371459961,31.43187141418457,-0.2452063547536848,1.2483145585984743,-0.13281307234078554,1.1344965935631561,-0.37855443464697347,1.3833529414002497,-0.6529346934509693,1.6612112086604518,-0.9970613987087812,2.0097000192537937,-1.7644075647382071,2.7867729654310374,-2.507046321153491,3.5388253140849817,136
large_noise_margin,4.178465640839506,86.66760683059692,128,10.864921569824219,3.7758495807647705,7.133757591247559,9.882093906402588,12.151506423950195,14.899899005889889,17.714726161956783,23.412993659973164,34.56566619873047,-0.2958724639210717,1.300108999776449,-0.17992638400167782,1.1825027122177258,-0.4476533669943876,1.4540632218180458,-0.7718865543733864,1.782939036312898,-1.103957156924793,2.1197644882868625,-1.7761927922415177,2.801625724899966,-3.0918951372403716,4.136167336269612,34
large_noise_margin,3.9293449058789607,86.60322451591492,128,10.713415145874023,4.167351722717285,6.992311477661133,9.999626636505127,11.804582118988037,14.91735544204712,16.880584335327146,27.974061260223436,38.13031005859375,-0.3574690309274703,1.3632571589535132,-0.26808835262474784,1.272429231338792,-0.494105083369237,1.5021056183342925,-0.8838869128128531,1.89819878368634,-1.129722658053442,2.1480150940772536,-2.5188490999451902,3.5596342304247126,-3.7906157292681595,4.851993267572973,136
large_noise_margin,3.6930649770003265,86.58761405944824,128,10.735052108764648,5.292941570281982,6.830555438995361,9.676944255828857,11.53426194190979,13.943349170684813,16.474208736419676,37.33828659057626,48.13234329223633,-0.4452454644276017,1.4534068823078412,-0.3045680462545032,1.3101508254112695,-0.5515019066168027,1.561611021433806,-0.8717945597310789,1.8877746881683934,-1.2082770728117898,2.2304249774940015,-3.982195248488897,5.055189500199925,-5.417285276589951,6.516584949357103,68
large_noise_margin,3.4690694861027,86.617684841156,128,10.841630935668945,6.282266616821289,6.454705238342285,9.719191074371338,11.358320713043213,15.235285758972168,17.543099212646485,38.859272060394396,61.196075439453125,-0.5511639701579203,1.5626136892185596,-0.39267807701229396,1.4008354564973402,-0.6241193628430197,1.6370846358865576,-1.1715377940524125,2.195874977426315,-1.4973956765372978,2.5285021362248856,-4.507189616246768,5.600820654654939,-7.6610942089220835,8.820243538592736,136
large_noise_margin,3.256821519765537,86.59980487823486,128,10.7012939453125,5.575647830963135,6.107555389404297,9.611506462097168,11.30572247505188,16.117790031433106,18.552696418762206,29.129339656829863,55.93828201293945,-0.628100500924129,1.6429045743475224,-0.46464464476300815,1.4755961301172429,-0.7187579771187205,1.735698810395019,-1.4405139473862085,2.4744662754183486,-1.8057224989092935,2.8482826440083584,-3.392099937094166,4.472050353395928,-7.4131395370931035,8.587864221826704,17
large_noise_margin,3.0558031045144776,86.60095548629761,128,10.475860595703125,4.937679767608643,5.776897430419922,9.229798793792725,11.767994165420532,15.386467266082763,17.692538738250732,30.450216388702444,43.367794036865234,-0.6954732913343684,1.7140928648555036,-0.49690496194762424,1.5102083606363776,-0.9013834668087668,1.9255157748932084,-1.478011493948176,2.5175815881840737,-1.8454994941202174,2.8949081686763027,-3.878521238323366,4.982359030874232,-5.9370241226800395,7.095973227593756,136
large_noise_margin,2.8655147012477418,86.59061527252197,128,10.388469696044922,5.09921932220459,5.451754093170166,9.096604824066162,11.61893892288208,16.079373168945313,17.873757743835448,29.47504085540774,44.90507125854492,-0.7886590464782387,1.812670807712386,-0.569903495381943,1.5872549563443512,-0.9970182794462369,2.027373811382437,-1.7523176708847523,2.8056692855115717,-2.056166467359526,3.1187691579548713,-4.020648307173707,5.14306222937424,-6.633463995164927,7.835428525107853,68
large_noise_margin,2.6854747087408133,86.58355736732483,128,10.458732604980469,5.3044328689575195,5.177453517913818,8.993107318878174,11.545884847640991,15.228017997741699,20.19688453674315,33.309842643737795,36.017112731933594,-0.9155404814247843,1.9472781797085779,-0.6518029693147052,1.6743980663096494,-1.1111722233734331,2.1496916001593473,-1.7737676667477833,2.8352562673885564,-2.6679092399246223,3.7603937343005596,-5.027570321332219,6.2018537235370905,-5.514740326135861,6.70591173595926,136
large_noise_margin,2.515218976147159,86.5211501121521,128,10.542672157287598,5.871824741363525,4.817107677459717,8.960320949554443,11.852401494979858,15.445662212371825,23.153743934631347,32.91538835525515,46.20988082885742,-1.0541201138389846,2.095776204232719,-0.7515226237472225,1.7812208468783033,-1.3045833538253757,2.3561371012585752,-1.9917327483556813,3.0704408560147844,-3.4657709841019275,4.602729256221364,-5.332517814017549,6.543245074763892,-7.874861154039371,9.186055223637474,34
large_noise_margin,2.354300324412701,86.52871036529541,128,10.88652229309082,9.466975212097168,4.724634170532227,8.673559188842773,11.254857540130615,15.378809547424316,21.359172534942626,39.61730075836182,97.64447784423828,-1.2554255840748434,2.3120504593666378,-0.8057257242092649,1.8420672797992461,-1.3302755933946475,2.390276513031155,-2.168310640708512,3.2661103997555374,-3.3835900063109983,4.536203880503402,-7.093854171004028,8.413816272196428,-18.885651943782815,20.73747279217584,136
large_noise_margin,2.2022880765218544,86.5811071395874,128,9.94428825378418,5.161678791046143,4.530723571777344,8.594882488250732,10.696579217910767,15.947251319885252,21.10232524871825,28.547999229431156,36.01976776123047,-1.1960654732053404,2.2577174075903637,-0.9047186277107806,1.9513529087949546,-1.3584907457887112,2.4285149912822086,-2.492150311139544,3.620609739909973,-3.605169512493708,4.791000204216209,-5.212746478791958,6.481440719262746,-6.825957454768992,8.177805652500663,68
large_noise_margin,2.058767596492845,86.61683177947998,128,9.282676696777344,4.3796706199646,4.344792366027832,8.179057598114014,10.19860553741455,13.639861488342284,17.649283123016353,28.392551326751725,30.829647064208984,-1.1845570972246924,2.254425587567675,-0.9314566090783953,1.9863965248062032,-1.3946132995442466,2.4768714921461013,-2.1838199760788113,3.3126277855689206,-3.1033279604453465,4.286370922362069,-5.567154864080247,6.895521227145562,-6.126070636339695,7.487403414724409,136
large_noise_margin,1.923339837040052,86.72783780097961,128,8.896556854248047,4.485237121582031,4.239577770233154,7.873011589050293,9.852463006973267,11.832353591918944,15.555191898345942,28.42508501052857,33.74901580810547,-1.2296846321851072,2.3127885886093624,-0.980443346099482,2.0467031975915817,-1.4624552647925126,2.56129021435334,-1.9445741240940992,3.0759913989325183,-2.8511144002619773,4.043797044802233,-5.9850341399475315,7.389511843698332,-7.281452973717978,8.773544632664589,17
large_noise_margin,1.7956208958211188,86.68231916427612,128,8.356592178344727,3.7793538570404053,4.079607009887695,7.285265684127808,9.05661392211914,11.615692615509033,15.288172674179076,22.860048446655284,28.408878326416016,-1.2314531035140426,2.3269366595679273,-0.9546028765377299,2.028620211839407,-1.4123514381472757,2.5218613637199976,-2.0736638587208924,3.2344501677781206,-3.0226994172524266,4.257071386771748,-4.979409661573178,6.3654996719676795,-6.41332809816293,7.910600281086874,136
large_noise_margin,1.6752415801866591,86.58963513374329,128,7.883051872253418,3.216811180114746,3.8746185302734375,6.979439735412598,8.737207412719727,11.523399925231933,14.583513736724843,18.25367588043213,25.521055221557617,-1.242157804936992,2.3528104738706017,-0.9945214336513956,2.0831144050981987,-1.4762405157935254,2.607745508485471,-2.2398010915886304,3.439324829780064,-3.0784302435258986,4.35265991162299,-4.084244130084556,5.448072712712356,-6.075881222392948,7.617126844091945,68
large_noise_margin,1.5618469803501753,86.56828665733337,128,7.516509532928467,2.7186119556427,3.541921377182007,7.041167259216309,8.649957418441772,10.385051918029784,12.0967276096344,17.371436176300055,18.96676254272461,-1.275561928379601,2.406288716978926,-1.1375346205340584,2.2541155912846333,-1.6046863695930087,2.7691436892564214,-2.108513687044612,3.324606074950247,-2.6055407782220903,3.8725713087853975,-4.137182004745008,5.561183776276622,-4.600424210772603,6.0719016591728305,136
large_noise_margin,1.4550960508960729,86.58916473388672,128,7.424505233764648,2.9925591945648193,3.1883339881896973,6.889726638793945,8.418478965759277,11.136256122589112,12.570112657546996,17.943527307510394,23.584293365478516,-1.387392108354708,2.551207952627083,-1.2230376250282085,2.3674473704162464,-1.692871872687907,2.8927571346836642,-2.528131295200509,3.826639525181591,-2.9688010456048572,4.319341204247688,-4.620222394176518,6.1657535584886185,-6.353809339768076,8.104033184254368,34
large_noise_margin,1.3546612005434173,86.57250642776489,128,7.307982444763184,3.131547451019287,3.228314161300659,6.464345932006836,8.85500955581665,11.207474422454833,13.011420249938961,18.30948299407959,18.713787078857422,-1.4938385489313721,2.697346924024846,-1.2197898625592507,2.385964080691795,-1.996378139330425,3.268348407802813,-2.7605578502493096,4.136633727296167,-3.3465554651383114,4.802462875853933,-5.067589480848522,6.757956523274901,-5.198924483130775,6.9071835346544415,136
large_noise_margin,1.2602278900832704,86.53362989425659,128,7.021330833435059,3.4144630432128906,2.9819138050079346,6.113905191421509,8.3466157913208,10.59629020690918,12.882436323165889,20.393867130279542,23.93193244934082,-1.5428700542929306,2.785738551212003,-1.2318105751937407,2.4257141266003597,-1.9971689296731514,3.3115501795351046,-2.7683423674249203,4.204116688057516,-3.5520180617655353,5.111153476501252,-6.126886619552544,8.091340975215207,-7.339711896039139,9.49508126175477,68
large_noise_margin,1.1714942384072664,86.5906753540039,128,6.748419761657715,3.817072629928589,3.0154120922088623,5.99225926399231,7.758149862289429,10.189161014556884,11.884925413131706,18.809074058532726,35.76409912109375,-1.590526794327268,2.8802616096655727,-1.3175243447177332,2.557528269255183,-1.9550774310876093,3.3112198113911386,-2.8327641148619613,4.348788359561122,-3.4449989991238157,5.072549664986038,-5.944877725255668,8.027813301115788,-12.066281037860877,15.264308584956296,136
large_noise_margin,1.088170636545279,86.66407632827759,128,6.369846343994141,3.0612189769744873,2.810035228729248,5.478562355041504,7.9090375900268555,9.705044555664063,10.940467739105223,18.90979240417482,21.02098274230957,-1.5909630743824779,2.9268600576363237,-1.2528211403114584,2.517326865405424,-2.1749128718542043,3.6340980561359593,-2.856295322894578,4.459339477526985,-3.3249993384753727,5.027000073186586,-6.348460871373744,8.688799242097533,-7.149419929291782,9.658863250090503,17
large_noise_margin,1.0099793696298376,87.00570058822632,128,5.810448169708252,2.308293342590332,2.6153013706207275,5.294521808624268,6.932420969009399,8.72433681488037,9.922499561309813,12.816456518173226,16.949542999267578,-1.5071418548001265,2.8765182460300203,-1.3020036458558595,2.621103939263995,-1.953251043811612,3.4319616704399447,-2.6657372335626035,4.319066842958328,-3.142140415035762,4.912228833419864,-4.292810727065279,6.3449100563660625,-5.936173078936736,8.391034267105708,136
large_noise_margin,0.9366542467050945,87.00726437568665,128,5.294607162475586,1.8439408540725708,2.428819417953491,5.030724287033081,6.36083459854126,7.73278546333313,8.287336587905884,10.671492700576787,13.836017608642578,-1.4213225079650633,2.8263402323219236,-1.3116966884702017,2.6854756195948815,-1.8642692367006761,3.395508332406018,-2.4342237576497343,4.127876156295161,-2.664602941524934,4.4239038135248805,-3.655061557746046,5.696601888112031,-4.969711611399111,7.385872458975167,68
large_noise_margin,0.8679402382980875,86.97900438308716,128,5.131885528564453,2.2520227432250977,2.259645938873291,4.692832946777344,5.840672850608826,7.474845218658446,8.781214141845698,14.978946743011491,17.760425567626953,-1.468887632212942,2.9563588033591928,-1.2789824649916919,2.7034309159230534,-1.7754622442315213,3.3646745437575225,-2.48229734712425,4.306082889598251,-3.04734631643156,5.0586513646748665,-5.728076358437522,8.629019650237188,-6.931160506493144,10.231364317463104,136
large_noise_margin,0.8035931216700426,86.96706914901733,128,4.905843734741211,2.1899540424346924,2.066502332687378,4.441354274749756,5.2629722356796265,7.056635189056395,9.92964911460876,12.514699363708498,13.918615341186523,-1.4796222385998061,3.052442587204948,-1.2712741647576051,2.763434725224905,-1.6398132476402276,3.2746498780017035,-2.4443658880059287,4.390676698670069,-3.7330644895235348,6.178281549979405,-4.892596161555751,7.786713839523794,-5.522326682780536,8.660237977311573,34
large_noise_margin,0.7433791336654563,86.95659255981445,128,4.868914604187012,3.4863314628601074,1.9517529010772705,4.1923136711120605,5.181486964225769,6.727253103256225,9.264559507369993,23.659045639038155,29.293935775756836,-1.5662753406437386,3.2748528870990445,-1.252941700390748,2.819768191797762,-1.711027484227559,3.485090399751252,-2.426871207825512,4.524779347844661,-3.601896859098331,6.231382539410458,-10.267978028553559,15.913175772354583,-12.877493553369053,19.703227094439818,136
large_noise_margin,0.6870746310767284,87.14950037002563,128,4.394311904907227,2.0256400108337402,1.8233853578567505,3.9206382036209106,4.917804718017578,7.067975616455078,8.032201838493345,12.107987575531014,15.479363441467285,-1.4368916330979458,3.1978417672188044,-1.211533644570461,2.853138528398873,-1.6859518765752033,3.5787995187006016,-2.708930748626441,5.143528298649822,-3.1676770993187158,5.845217881138997,-5.106798635670637,8.811260835345022,-6.710785687631244,11.264688536971061,68
large_noise_margin,0.634465758442085,87.08202600479126,128,4.151981830596924,1.7262513637542725,1.7112786769866943,3.765349864959717,4.765484809875488,6.124825048446655,7.204324412345886,10.923846759796152,12.431478500366211,-1.401582773635087,3.2720298734418805,-1.2136232710914305,2.9673389106178405,-1.6998346644331024,3.75550984940229,-2.3606721991887234,4.826757761905081,-2.8854662707298355,5.677472989272051,-4.693696402386303,8.608696855933871,-5.426625226596551,9.796808050675107,136
large_noise_margin,0.5853481231945421,87.12220978736877,128,4.073168754577637,2.080134630203247,1.5999056100845337,3.6265703439712524,4.615612745285034,5.988063716888427,7.2495670795440645,11.900378007888813,19.0434513092041,-1.4333984799713015,3.4792703633764854,-1.2128439420334682,3.097789332764249,-1.701286768165568,3.942621973480747,-2.379077558941816,5.11495935462176,-3.0020763978310105,6.192526115894498,-5.2988992950386935,10.165214114758243,-8.826536639937801,16.26677403975801,17
large_noise_margin,0.5395264780796633,87.10873460769653,128,3.8180642127990723,1.664397120475769,1.5390194654464722,3.487036943435669,4.438653230667114,5.459766626358032,6.657569956779478,9.052944650650025,13.815836906433105,-1.3655513111654158,3.538347391576322,-1.2005155813505393,3.231571651355352,-1.674949874238216,4.1134711742652685,-2.184032388212602,5.059776348503767,-2.7812047818675145,6.169826901244744,-3.9754339205824447,8.389713033985073,-6.3500038494418645,12.803669020664026,136
