K,target,step_index,sigma_actual
68,0.004,66,0.004003689158707857
68,0.01,63,0.010116739198565483
68,0.03,59,0.029532548040151596
68,0.1,54,0.09262494742870331
68,0.3,48,0.29644227027893066
68,1.0,41,0.936654269695282
68,3.0,33,2.8655147552490234
68,8.0,24,8.400935173034668
272,0.004,264,0.004003689158707857
272,0.01,252,0.010116739198565483
272,0.03,236,0.029532548040151596
272,0.1,215,0.09762091189622879
272,0.3,192,0.29644227027893066
272,1.0,162,1.0099793672561646
272,3.0,131,2.959348201751709
272,8.0,98,7.946503162384033
