class,K,step_index,sigma_j,n_segments,r_D_sync_subset,sigma_E_sync_subset,sigma_Q_sync_subset,E_sync_subset,E_sync_subset_plus,Q_sync_subset,exact_weighted,ess,max_weight,trap_9,simpson_9,max_9,trap_gap_9,trap_17,simpson_17,max_17,trap_gap_17,trap_33,simpson_33,max_33,trap_gap_33,trap_65,simpson_65,max_65,trap_gap_65
0,272,98,7.946503162384033,8,0.6478350825856364,-0.3521649174143636,0.41076034712337167,-0.044316966874359175,0.0,0.051690704543825954,-0.04431696687435918,6.600286591475286,0.21461384922566268,-0.04456768265536898,-0.04456767914314895,-0.044535558326643604,-0.000250715781009804,-0.04456761955609186,-0.04456759852299949,-0.04453551155831153,-0.0002506526817326882,-0.044567622934129636,-0.044567624060142225,-0.04453551155831153,-0.0002506560597704613,-0.0445675803049108,-0.04456756609517118,-0.044535217121974384,-0.0002506134305516258
0,272,131,2.959348201751709,8,1.411504618065591,0.411504618065591,1.1330935731621143,0.13905245007059716,0.13905245007059716,0.3828861951734538,0.1390524500705971,6.817245945028152,0.19669208164874535,0.13917350954458707,0.13917509852085252,0.13980250806496208,0.00012105947398990957,0.1391654235297324,0.13916272819144754,0.13980250806496208,0.00011297345913524603,0.13916588335526645,0.1391660366304444,0.13980250806496208,0.00011343328466928426,0.13916599386962983,0.139166030707751,0.1398207054620178,0.00011354379903266709
0,272,162,1.0099793672561646,8,1.1740678870856467,0.1740678870856467,0.8044497632884415,0.17234796346240333,0.17234796346240333,0.7965011854389755,0.17234796346240347,2.5454235972432104,0.6025015078197169,0.17318930205750593,0.17304464735658506,0.2705610592172652,0.0008413385951026031,0.1730666124850398,0.17302571596088442,0.2705610592172652,0.0007186490226364639,0.1730326564389175,0.17302133775687673,0.2705610592172652,0.0006846929765141618,0.17304321156646535,0.17304672994231463,0.2705610592172652,0.0006952481040620184
0,272,192,0.29644227027893066,8,1.2072364158412414,0.20723641584124142,0.4493950624143857,0.6990784939214202,0.6990784939214202,1.5159614787443692,0.6990784939214195,2.3056408917758824,0.6416620113456524,0.6979294861483994,0.6978924902224317,0.9402565285796531,-0.0011490077730207382,0.6979159449661522,0.6979114312387363,0.9402565285796531,-0.0011625489552680168,0.6979516365759287,0.6979635337791876,0.9402565285796531,-0.0011268573454914499,0.6979666003214916,0.6979715882366793,0.9402565285796531,-0.0011118935999285817
0,272,215,0.09762091189622879,8,1.0931796969480514,0.0931796969480514,0.3134674580503316,0.9545054961902177,0.9545054961902177,3.2110687347762954,0.9545054961902167,2.1190206133371983,0.6737643627264066,0.9531484055239107,0.9550263034251387,1.203521951521558,-0.0013570906663070703,0.9539683504780789,0.9542416654628016,1.216063571432036,-0.000537145712138809,0.9543610553756788,0.954491957008212,1.216063571432036,-0.00014444081453890423,0.954424616804455,0.9544458039473803,1.216063571432036,-8.087938576273324e-05
0,272,236,0.029532548040151596,8,1.070870308558116,0.07087030855811594,0.21635382254528282,2.399735656461566,2.399735656461566,7.325944996386172,2.399735656461566,1.8940162985040048,0.7172894458775975,2.377509469785219,2.400701295972618,3.4697112089289366,-0.022226186676347126,2.3947988937080793,2.400562035015699,3.529973224541279,-0.0049367627534868674,2.3985587235545274,2.399812000170009,3.5462941432989266,-0.0011769329070387968,2.3991706981031453,2.3993746896193513,3.554264438799744,-0.0005649583584208528
0,272,252,0.010116739198565483,8,1.0395894768999314,0.03958947689993142,0.12760375719312253,3.9132645532213646,3.9132645532213646,12.613131038429485,3.913264553221371,1.769219729685669,0.7444649730640636,3.8690300901947796,3.91405135735276,6.617656265178141,-0.04423446302658496,3.9006911824689188,3.9112448798936303,6.760415391234939,-0.0125733707524458,3.910363973644002,3.91358823736903,6.760415391234939,-0.00290057957736245,3.912437155118035,3.9131282156093796,6.783928972077427,-0.0008273981033295463
0,272,264,0.004003689158707857,8,1.0161757435526313,0.016175743552631294,0.05544270912049671,4.040209644509921,4.040209644509921,13.847905499834104,4.040209644509917,1.7204188638433555,0.7557963011490069,3.961708367429115,4.003994575056292,8.242276453836247,-0.07850127708080601,4.019873284567955,4.039261590280902,8.323384632739597,-0.020336359941966364,4.035344412910558,4.040501455691426,8.367718747399973,-0.004865231599363362,4.038340067878794,4.039338619534872,8.370203602066663,-0.001869576631126968
1,272,98,7.946503162384033,8,1.014889129468019,0.014889129468018902,0.4920321148179424,0.0018736706150824722,0.0018736706150824722,0.06191806694887512,0.0018736706150824546,4.827505828167396,0.2970799389600051,0.0025196565496325473,0.00251989724304493,0.0028790608932886385,0.0006459859345500751,0.0025197617091855837,0.002519796762369924,0.002879068585183376,0.0006460910941031115,0.002519321682359394,0.002519175006750664,0.0028791306622916817,0.0006456510672769218,0.0025200134928556744,0.0025202440963544345,0.002879306136407265,0.0006463428777732023
1,272,131,2.959348201751709,8,1.846706354022372,0.846706354022372,2.0139557164205875,0.28611244649115175,0.28611244649115175,0.6805403011475564,0.28611244649115175,5.182919320528521,0.3300023995447044,0.28850258380076,0.28851760522417613,0.31154855575146156,0.0023901373096082423,0.28853924573280876,0.28855146637682505,0.31154855575146156,0.0024267992416570072,0.28854579529490954,0.2885479784822765,0.31154855575146156,0.0024333488037577844,0.28853305671452056,0.28852881052105755,0.31154855575146156,0.002420610223368813
1,272,162,1.0099793672561646,8,1.9709517176505837,0.9709517176505837,1.0620731101072478,0.9613579733696856,0.9613579733696856,1.051579016898739,0.9613579733696854,1.1137353273491746,0.9467022639932455,1.8321556497629894,1.2782779570088678,14.625147296284506,0.8707976763933037,1.1833067979483354,0.9670238473434508,14.625147296284506,0.22194882457864973,0.9953971128147814,0.9327605511035965,14.625219876287648,0.034039139445095734,0.9601274039814575,0.9483708343703494,14.625219876287648,-0.0012305693882281865
1,272,192,0.29644227027893066,8,1.171096250235356,0.1710962502353559,0.2354677818280828,0.5771654969258154,0.5771654969258154,0.7943124359644281,0.5771654969258154,1.1507184109240292,0.9301210240324249,0.2142323734381429,0.15074559811571178,2.7849383397204663,-0.36293312348767254,0.5001482009137372,0.5954534767389353,7.796247886409956,-0.07701729601207818,0.5770473847481858,0.6026804460263352,10.144975304606135,-0.00011811217762958126,0.576942225375173,0.5769071722508355,11.546814588400803,-0.0002232715506423899
1,272,215,0.09762091189622879,8,1.0407493875744434,0.04074938757444335,0.08465849695312452,0.4174247790039088,0.4174247790039088,0.8672168217719238,0.4174247790039102,1.1726148225733053,0.9206344518730488,0.2135579872618528,0.20678249808644986,1.3309828341343624,-0.203866791742056,0.41149319989282696,0.4774716041031517,4.750698744389001,-0.0059315791110818306,0.41024154071616553,0.40982432099061167,4.750698744389001,-0.007183238287743254,0.41693807758881796,0.41917025654636875,6.064906756357551,-0.00048670141509082887
1,272,236,0.029532548040151596,8,1.0064414735959635,0.006441473595963476,0.029484148947982132,0.21811438644595907,0.21811438644595907,0.9983611609772491,0.21811438644595837,1.180615125378466,0.9172186309766075,0.16340028393506262,0.16642492509001666,0.9298163160789672,-0.05471410251089645,0.20101143396481003,0.21354848397472578,1.2874940480291461,-0.017102952481149042,0.2179365715297801,0.22357828405143676,1.9299828485309707,-0.0001778149161789644,0.21782933247470265,0.2177935861230102,1.9302907786990924,-0.00028505397125641596
1,272,252,0.010116739198565483,8,1.0010006064339407,0.0010006064339407317,0.01582737647652267,0.09890602241506967,0.09890602241506967,1.5644741023636286,0.0989060224150443,1.1821078812441523,0.916584133035753,0.08942354372720751,0.0920839968005642,0.46856877897029975,-0.009482478687862159,0.09479389316021866,0.09658400963788909,0.4691699061927953,-0.0041121292548510074,0.09764200751115897,0.09859137896147238,0.4696097000414936,-0.001264014903910704,0.09857968477194036,0.09889224385886748,0.4756414859685837,-0.0003263376431293097
1,272,264,0.004003689158707857,8,1.0001973808119582,0.00019738081195819213,0.006446783133999232,0.04929973435347674,0.04929973435347674,1.6102107027908865,0.049299734353490096,1.182575429732313,0.9163859494081549,0.04251606194562198,0.04846072490458833,0.2299490477115591,-0.006783672407854761,0.04685905489983175,0.04830671921790167,0.229949244816119,-0.0024406794536449908,0.048713244325053855,0.04933130746679456,0.2331011280632003,-0.0005864900284228841,0.04914564431818806,0.04928977764923281,0.2344928202990114,-0.00015409003528867732
2,272,98,7.946503162384033,8,0.8782785317883742,-0.12172146821162577,0.3435845129153516,-0.015317614015157337,0.0,0.043237195769550624,-0.015317614015157315,3.7073661492502583,0.47112559900719064,-0.015611050092700175,-0.015611048940814254,-0.015593099318744022,-0.0002934360775428378,-0.015610805065841992,-0.015610723390222594,-0.015592107658582014,-0.00029319105068465433,-0.015610414435457833,-0.015610284225329781,-0.015591356806087473,-0.0002928004203004951,-0.015610632556882614,-0.015610705264024204,-0.0155913073145674,-0.00029301854172527654
2,272,131,2.959348201751709,8,1.1259210029072237,0.12592100290722374,0.5077600357136661,0.04255024901520142,0.04255024901520142,0.1715783345174153,0.04255024901520145,2.6912247510200586,0.5670404481760561,0.04153884166089894,0.041538515323873926,0.04301086809145079,-0.001011407354302482,0.041536499386949234,0.04153571862896599,0.04301135949374788,-0.0010137496282521877,0.041533614430037204,0.0415326527777332,0.04301135949374788,-0.001016634585164218,0.04153382119638623,0.04153389011850257,0.04301135949374788,-0.0010164278188151896
2,272,162,1.0099793672561646,8,1.1578354940949604,0.15783549409496045,0.5593261131413992,0.15627595890771112,0.15627595890771112,0.5537995441044841,0.15627595890771095,4.347491846810299,0.3217110482537395,0.15572923440138225,0.1557258273856483,0.1633693405496686,-0.0005467245063288662,0.15574318810664203,0.15574783934172862,0.1633693405496686,-0.0005327708010690879,0.15574067112395704,0.1557398321297287,0.1633693405496686,-0.0005352877837540848,0.1557388429929336,0.1557382336159258,0.16337076124940544,-0.0005371159147775084
2,272,192,0.29644227027893066,8,1.228164041852568,0.2281640418525679,0.6952524034512506,0.7696744517503596,0.7696744517503596,2.3453214104623763,0.7696744517503603,6.539095678241592,0.2400717603803536,0.7683478547868806,0.769011674104174,0.8120992477932878,-0.001326596963479032,0.7687482874958624,0.7688817650655231,0.8127201187667324,-0.0009261642544972082,0.7688830902920464,0.768928024557441,0.8127201187667324,-0.0007913614583132667,0.7689182756099596,0.7689300040492638,0.8130374304612805,-0.0007561761404000222
2,272,215,0.09762091189622879,8,1.1541275039976036,0.15412750399760355,0.29835696109391685,1.5788369623246439,1.5788369623246439,3.0562812341998082,1.5788369623246417,5.08454597122106,0.3420289638416035,1.5766646806208975,1.5789274466790537,2.825682439544688,-0.0021722817037463926,1.5781976454036628,1.5787086336645841,2.8273757807720155,-0.0006393169209810701,1.578691850304534,1.5788565852714913,2.827381616274485,-0.00014511202010991653,1.5787738144899186,1.5788011358850462,2.827381616274485,-6.314783472527452e-05
2,272,236,0.029532548040151596,8,1.0358684504929812,0.03586845049298115,0.11841011258675799,1.2145396477207264,1.2145396477207264,4.009478370297444,1.2145396477207189,4.670146187287637,0.36077166657295173,1.2114781120861582,1.214553069089155,1.4236268425192973,-0.0030615356345682354,1.2138280246452988,1.2146113288316789,1.4245300377466201,-0.0007116230754276032,1.2143858544032688,1.2145717976559256,1.425427530210077,-0.0001537933174575734,1.2145465103994644,1.2146000623981967,1.4254318727431448,6.8626787379511e-06
2,272,252,0.010116739198565483,8,1.0139944870472837,0.013994487047283677,0.08836931668842347,1.3833001694130895,1.3833001694130895,8.73496044070741,1.38330016941308,4.626882629713104,0.35422095334681725,1.3778318813585888,1.383872934104924,1.6252131711699798,-0.005468288054500725,1.3820920143442579,1.3835120586728138,1.6352650749570885,-0.0012081550688316511,1.3831796548379662,1.3835422016692025,1.6352650749570885,-0.00012051457512329833,1.3834465946940684,1.3835355746461022,1.636161955859427,0.00014642528097885688
2,272,264,0.004003689158707857,8,1.0069015231132665,0.006901523113266528,0.047118756193648414,1.7237909437239909,1.7237909437239909,11.768834773590523,1.7237909437239751,4.61004575518359,0.348603115975378,1.7089553527556245,1.7237444314056798,2.423172074325659,-0.014835590968366397,1.7206004222204923,1.7244821120421154,2.423172074325659,-0.0031905215034986334,1.7232257277320406,1.7241008295692235,2.42325624085626,-0.000565215991950252,1.723897461625274,1.7241213729230185,2.4232743607385525,0.00010651790128313188
3,272,98,7.946503162384033,8,0.6142453451486338,-0.3857546548513662,0.46289448880636874,-0.04854395033495913,0.0,0.058251343936733,-0.04854395033495911,3.558282379444725,0.47314812314259946,-0.04867270501232096,-0.048672125650194964,-0.04829974346708612,-0.0001287546773618281,-0.04867366112434255,-0.04867397982834974,-0.04829974346708612,-0.0001297107893834179,-0.048673441569185516,-0.04867336838413317,-0.048299670899368624,-0.00012949123422638376,-0.04867331272357913,-0.048673269775043666,-0.04829943976639337,-0.00012936238861999821
3,272,131,2.959348201751709,8,0.8691942546252046,-0.1308057453747954,0.5388994725016224,-0.04420086331759417,0.0,0.1821007315673887,-0.044200863317594166,5.6896685131302815,0.28621942682942575,-0.04475556054504615,-0.04475486174416139,-0.0437035604355961,-0.0005546972274519738,-0.04475500431469913,-0.044754818904583445,-0.0437035604355961,-0.0005541409971049557,-0.04475595653585065,-0.04475627394290115,-0.04370348581536261,-0.000555093218256475,-0.04475511927710395,-0.044754840190855044,-0.04370329441486956,-0.0005542559595097737
3,272,162,1.0099793672561646,8,1.1289336402869061,0.12893364028690613,0.44877941419493395,0.12765967748151458,0.12765967748151458,0.44434513094474776,0.12765967748151447,7.494301971981563,0.18424413085895783,0.12792827106587207,0.12792600186025607,0.13107151019888968,0.0002685935843574905,0.12793026767801222,0.12793093321539226,0.13107151019888968,0.0002705901964976387,0.12792974499450496,0.1279295707666692,0.13107151019888968,0.0002700675129903851,0.12792783672277214,0.12792720063219454,0.13107151019888968,0.0002681592412575595
3,272,192,0.29644227027893066,8,1.0922404497164142,0.09224044971641421,0.2598443058742642,0.31115822190142667,0.31115822190142667,0.8765426928817188,0.3111582219014273,7.327359929673774,0.19187627593290116,0.31094332557030685,0.31095187638644156,0.3250250897286744,-0.0002148963311198182,0.3109571158177208,0.31096171256685873,0.3250250897286744,-0.000201106083705882,0.31096668189428206,0.3109698705864692,0.3250301964780948,-0.00019154000714460828,0.3109610443250993,0.3109591651353717,0.3250301964780948,-0.00019717757632736754
3,272,215,0.09762091189622879,8,1.0545566287714125,0.05455662877141254,0.1583032609909448,0.558862109682056,0.558862109682056,1.6216121926746747,0.5588621096820559,7.2319238484594655,0.18146598910481102,0.5585242159044347,0.5584696850151775,0.6287101874846311,-0.0003378937776212787,0.5585119945931452,0.5585079208227154,0.6287469949559678,-0.00035011508891080734,0.5584993642675958,0.5584951541590795,0.6287481118413574,-0.00036274541446013053,0.5584967937077435,0.5584959368544593,0.6287500403437937,-0.00036531597431244123
3,272,236,0.029532548040151596,8,1.0139605345728377,0.013960534572837746,0.05638274707035419,0.47271690048069703,0.47271690048069703,1.9091731263315934,0.472716900480692,7.220354156548779,0.19178467408848088,0.4725037184885556,0.4723667458967957,0.5641939962226528,-0.0002131819921414313,0.4724030330850422,0.47236947128387097,0.5641939962226528,-0.0003138673956548099,0.47237534898869926,0.4723661209565849,0.5641939962226528,-0.00034155149199777135,0.4723775266694533,0.47237825256303795,0.5641939962226528,-0.000339373811243715
3,272,252,0.010116739198565483,8,1.0027491547018663,0.0027491547018663187,0.023795281563382,0.2717431622885108,0.2717431622885108,2.352070276434138,0.27174316228852835,7.210496887405238,0.19425026032506196,0.27162927119005625,0.27167121016528784,0.2884738057040752,-0.00011389109845455492,0.27165904967919613,0.2716689758422427,0.2884738057040752,-8.411260931467934e-05,0.27167260364007373,0.2716771216270329,0.2884825383306291,-7.055864843708015e-05,0.2716716005376909,0.27167126617022996,0.2884825383306291,-7.156175081990401e-05
3,272,264,0.004003689158707857,8,1.000728160113255,0.0007281601132549387,0.010955308777328001,0.18187228937871483,0.18187228937871483,2.736303529833394,0.1818722893787169,7.209013536096644,0.19470095429692053,0.18090357078965622,0.18092245085526404,0.20086697518512778,-0.0009687185890586147,0.1809255018241372,0.18093281216896417,0.20087048115357128,-0.0009467875545776383,0.1809216468846357,0.18092036190480185,0.20088623123069743,-0.0009506424940791403,0.18091647841639635,0.1809147555936499,0.2008967292709331,-0.0009558109623184763
4,272,98,7.946503162384033,8,0.8074492394367956,-0.19255076056320442,0.34093506506422816,-0.024230879498629333,0.0,0.04290378523702042,-0.02423087949862932,4.196262151224192,0.39467410003290676,-0.02396452372792906,-0.023964417360489015,-0.02392628255412333,0.0002663557707002738,-0.023964142346769822,-0.023964015219716743,-0.02392628054606754,0.0002667371518595106,-0.0239642192806688,-0.02396424492530179,-0.0239260972991248,0.00026666021796053346,-0.02396410533966644,-0.02396406735933232,-0.023925662765052827,0.00026677415896289233
4,272,131,2.959348201751709,8,1.0959949786933545,0.0959949786933545,0.3170389616098099,0.03243787893446698,0.03243787893446698,0.10713134784955246,0.032437878934467035,5.404933793370199,0.32711808803770837,0.03207104916790915,0.032070356455126056,0.03264008595629563,-0.00036682976655783017,0.03206957766277525,0.03206908716106395,0.03264008595629563,-0.0003683012716917261,0.0320697045386399,0.0320697468305948,0.0326411558221154,-0.00036817439582707834,0.03207000977184386,0.03207011151624519,0.03264123699581366,-0.0003678691626231162
4,272,162,1.0099793672561646,8,1.1049281099844086,0.1049281099844086,0.40543267102886593,0.10389134014635304,0.10389134014635304,0.4014266866959022,0.10389134014635273,5.992897205134559,0.2881992876288596,0.10407598739426879,0.10407499204284354,0.10602745756950097,0.0001846472479157535,0.10408087170455144,0.10408249980797897,0.10602745756950097,0.00018953155819839695,0.10408013614186035,0.10407989095429665,0.10602745756950097,0.00018879599550730708,0.10407905835951642,0.10407869909873513,0.10602862165415514,0.00018771821316337922
4,272,192,0.29644227027893066,8,1.109695911144868,0.1096959111448681,0.3958246631341735,0.37004139470950687,0.37004139470950687,1.335250410684452,0.37004139470950664,6.4630992745953755,0.22592643457243328,0.3708353859155553,0.3708149596749041,0.39577793932660654,0.00079399120604845,0.37083595791369184,0.37083614857973735,0.39577793932660654,0.0007945632041849726,0.37083181881051214,0.3708304391094522,0.39577793932660654,0.0007904241010052715,0.3708271655839627,0.3708256145084462,0.39577793932660654,0.00078577087445586
4,272,215,0.09762091189622879,8,1.0477578542367416,0.047757854236741615,0.14084941633302453,0.4892174566808831,0.4892174566808831,1.4428201252898325,0.4892174566808807,6.104816427797323,0.256954515454334,0.48903639740835475,0.48917238177339817,0.5049111276660961,-0.00018105927252837217,0.48912853734106376,0.4891592506519668,0.5049798867231167,-8.891933981935995e-05,0.4891559157805781,0.4891650419270829,0.5049798867231167,-6.15409003050238e-05,0.48916611885180084,0.4891695198755418,0.5050136460785722,-5.1337829082287456e-05
4,272,236,0.029532548040151596,8,1.0144175189233402,0.0144175189233402,0.05797449091787278,0.4881908226726173,0.4881908226726173,1.9630710780205063,0.48819082267262004,5.952625567371817,0.276256852810091,0.48745255305635843,0.4877184211862016,0.5065581382588837,-0.0007382696162588909,0.4876801450231201,0.4877560090120407,0.5065581382588837,-0.0005106776494971932,0.4877419263635603,0.48776252014370697,0.5066796724423125,-0.00044889630905703415,0.4877616744119787,0.48776825709478483,0.5066796724423125,-0.0004291482606386121
4,272,252,0.010116739198565483,8,1.0041100790350537,0.004110079035053671,0.054517305428365026,0.4062651961648339,0.4062651961648339,5.388821868225622,0.4062651961648037,5.931879796996628,0.27947319141718163,0.40625936325633616,0.4067151812148111,0.48370201316235045,-5.832908497760414e-06,0.4064984037736826,0.4065780839461315,0.48370201316235045,0.00023320760884870673,0.40661636319261507,0.40665568299892585,0.48370201316235045,0.00035116702778115183,0.4066054055358712,0.40660175298362317,0.48406741307583656,0.0003402093710372922
4,272,264,0.004003689158707857,8,1.002045549157541,0.002045549157541071,0.028181027068400474,0.5109160767618752,0.5109160767618752,7.038764986814202,0.5109160767618501,5.916865427843314,0.2812203114528586,0.5083997693640995,0.5092011241563663,0.5411297353888722,-0.002516307397775752,0.5091016091803217,0.5093355557857291,0.5411297353888722,-0.0018144675815535694,0.5092388044635148,0.509284536224579,0.5411568284576259,-0.0016772722983604549,0.509290990366774,0.5093083856678605,0.5411568284576259,-0.0016250863951011718
5,272,98,7.946503162384033,8,0.553980254134676,-0.446019745865324,0.48547014723461385,-0.05612780071322761,0.0,0.061092299004253815,-0.05612780071322761,6.679271084353926,0.21607554330248124,-0.055887345674256725,-0.055887283347186595,-0.055865832369767394,0.0002404550389708826,-0.05588727804764375,-0.05588725550543942,-0.055865832369767394,0.00024052266558385882,-0.05588730369519656,-0.05588731224438082,-0.05586557935143733,0.00024049701803104812,-0.05588735061314156,-0.05588736625245656,-0.05586485761121733,0.00024045010008604678
5,272,131,2.959348201751709,8,0.9907648199724101,-0.00923518002758994,0.33231252061930633,-0.0031206804329829843,0.0,0.11229247049150978,-0.0031206804329829696,6.497418954154195,0.2187054642216804,-0.0036127082682531706,-0.003612295639945846,-0.0031972244577338615,-0.0004920278352701863,-0.0036123014693324688,-0.0036121658696922354,-0.0031972244577338615,-0.0004916210363494844,-0.00361225750747449,-0.003612242853521833,-0.0031972244577338615,-0.0004915770744915058,-0.0036119324381527155,-0.0036118240817121245,-0.0031958147371035084,-0.0004912520051697311
5,272,162,1.0099793672561646,8,1.0996452729601929,0.09964527296019288,0.34883937095750783,0.09866070158532209,0.09866070158532209,0.34539257163758524,0.09866070158532209,7.250166890879119,0.1693061364813115,0.09867944789981987,0.09867880146620647,0.10166014294256297,1.8746314497788963e-05,0.0986784791101561,0.09867815618026818,0.10166014294256297,1.7777524834020064e-05,0.09867909085722196,0.09867929477291056,0.10166014294256297,1.8389271899871273e-05,0.09867795579191332,0.09867757743681044,0.10166014294256297,1.725420659123844e-05
5,272,192,0.29644227027893066,8,1.042816533927381,0.04281653392738094,0.1626860864037241,0.14443464451643043,0.14443464451643043,0.5487951709810085,0.1444346445164304,7.415866422220035,0.17145069404869653,0.14425182588971389,0.14425183470276737,0.14748599644430205,-0.00018281862671654103,0.14425413416618868,0.14425490359168028,0.14748599644430205,-0.0001805103502417471,0.14425341127348246,0.14425317030924706,0.14748599644430205,-0.00018123324294797016,0.14425280783009264,0.144252606682296,0.14748599644430205,-0.00018183668633778294
5,272,215,0.09762091189622879,8,1.0180412837872201,0.01804128378722014,0.07598201282349175,0.18480962159417297,0.18480962159417297,0.7783374622054419,0.1848096215941711,7.480796193379671,0.17270486721662434,0.1847530791741623,0.18475348848673184,0.1873725880925594,-5.65424200106579e-05,0.18475397321530615,0.1847542712290208,0.1873725880925594,-5.564837886681828e-05,0.1847535323093383,0.18475338534068234,0.1873725880925594,-5.608928483466502e-05,0.18475440793453382,0.18475469980959902,0.18737316618806887,-5.521365963914726e-05
5,272,236,0.029532548040151596,8,1.0060594379151977,0.006059437915197696,0.04179688753319399,0.20517829707614324,0.20517829707614324,1.4152821313070634,0.20517829707614557,7.529827017519122,0.1698842496671774,0.20523693224324605,0.2052361996141854,0.2083753339590454,5.863516710280514e-05,0.20523741897026698,0.2052375812126073,0.2083753339590454,5.912189412374258e-05,0.20523645652926104,0.2052361357155924,0.2083753339590454,5.815945311779536e-05,0.20523768950896124,0.20523810050219465,0.2083753339590454,5.939243281799511e-05
5,272,252,0.010116739198565483,8,1.0020653388644307,0.0020653388644307213,0.0282930593954073,0.2041506481380462,0.2041506481380462,2.7966579784343115,0.2041506481380443,7.544286118845965,0.1688503435413827,0.20433542408907723,0.20429657222498543,0.22845536641846442,0.00018477595103102984,0.20432055040620728,0.2043155925119173,0.22845536641846442,0.00016990226816107623,0.20433015693553877,0.20433335911198255,0.22845536641846442,0.00017950879749256687,0.20433103115133414,0.20433132255659922,0.22845536641846442,0.0001803830132879325
5,272,264,0.004003689158707857,8,1.0006932923281133,0.0006932923281133263,0.012900045780200873,0.17316337523492412,0.17316337523492412,3.2220397910121994,0.1731633752349671,7.547848430057848,0.16852780854301916,0.17320266136119275,0.1730710053826098,0.21831195467328152,3.9286126268633925e-05,0.17309322996007137,0.17305675282636424,0.21831718619979085,-7.014527485274535e-05,0.1730830578253567,0.17307966711378514,0.2183172167224779,-8.031740956740419e-05,0.17305159443546664,0.17304110663883662,0.2183186805418888,-0.00011178079945747821
6,272,98,7.946503162384033,8,0.5085122877083827,-0.49148771229161725,0.5292946981085199,-0.06184955850998061,0.0,0.06660724689748013,-0.06184955850998061,3.1891615056701137,0.5036608605804505,-0.061672225853688006,-0.06167218066062983,-0.06153020766522339,0.00017733265629260586,-0.06167238774297287,-0.06167244170606783,-0.06153020051211978,0.00017717076700773937,-0.06167221205192144,-0.06167215348823764,-0.06153020051211978,0.00017734645805916882,-0.06167223639602771,-0.06167224451072981,-0.06153020051211978,0.00017732211395290326
6,272,131,2.959348201751709,8,0.9794535184159634,-0.020546481584036602,0.4178619310722345,-0.006942907756469701,0.0,0.14120066399246026,-0.006942907756469663,6.078404882242545,0.26575632964142293,-0.006674190597054647,-0.00667456719592768,-0.005760259606680392,0.000268717159415054,-0.006674366200242636,-0.006674424734638626,-0.005760259606680392,0.000268541556227065,-0.0066753063266738934,-0.006675619702150982,-0.005760259606680392,0.0002676014297958076,-0.00667485519664195,-0.0066747048199646275,-0.005760259606680392,0.0002680525598277514
6,272,162,1.0099793672561646,8,1.1805213168472652,0.18052131684726525,0.4589885668665219,0.17873762841085744,0.17873762841085744,0.45445340939336937,0.17873762841085736,5.752509764866394,0.3062490627464176,0.17932232286934693,0.17932509981406897,0.18258073175828707,0.0005846944584894931,0.17932360160533822,0.1793240278506687,0.18258073175828707,0.0005859731944807822,0.17932438136733395,0.17932464128799921,0.18258572692137434,0.000586752956476505,0.17932475842871032,0.1793248841158358,0.18258575046681105,0.0005871300178528771
6,272,192,0.29644227027893066,8,1.1144822344695786,0.11448223446957861,0.27409593081755407,0.3861872814624552,0.3861872814624552,0.9246182420599116,0.38618728146245584,5.830660949739204,0.3091254782345696,0.38601610174992335,0.386015933489411,0.39743910118250103,-0.00017117971253183262,0.3860303582585154,0.386035110428046,0.39743910118250103,-0.00015692320393978498,0.3860261200186258,0.386024707271996,0.39743910118250103,-0.0001611614438293829,0.3860258077302289,0.3860257036340965,0.39743910118250103,-0.00016147373222630268
6,272,215,0.09762091189622879,8,1.0376439841381733,0.03764398413817327,0.10401634508355832,0.38561393667566735,0.38561393667566735,1.0655129424946153,0.3856139366756695,6.143676953081497,0.2837842196005441,0.3851755451749782,0.3851703791165585,0.398966299853835,-0.00043839150068913924,0.3851747042576533,0.38517442395187834,0.398966299853835,-0.0004392324180140239,0.38517420271827607,0.38517403553848373,0.398966299853835,-0.0004397339573912751,0.38517139311644377,0.3851704565824997,0.398966299853835,-0.0004425435592235738
6,272,236,0.029532548040151596,8,1.0095576560184916,0.009557656018491567,0.06248148935918735,0.3236312696587255,0.3236312696587255,2.1156823066617663,0.32363126965873235,6.224383106968596,0.27688305131904334,0.32363236736395307,0.32364471468578837,0.3292671076796814,1.0977052275484844e-06,0.3236405069433158,0.32364322013643676,0.3292695028786715,9.23728459029105e-06,0.3236465438274865,0.3236485561222101,0.3292715073236692,1.5274168760959217e-05,0.3236470909019599,0.32364727326011766,0.32927558177984073,1.5821243234404037e-05
6,272,252,0.010116739198565483,8,1.0048095315862056,0.004809531586205562,0.04777424403442608,0.47540333815144076,0.47540333815144076,4.722296690340727,0.47540333815144137,6.250890623130994,0.2744906224752631,0.4751088395364091,0.47534182246313667,0.49625417070727335,-0.00029449861503166863,0.4753114071838858,0.47537892973304463,0.4963464412713224,-9.19309675549429e-05,0.47535687981963887,0.4753720373648899,0.4963464412713224,-4.645833180189074e-05,0.47536607841011347,0.4753691446069384,0.49646849878123483,-3.725974132728904e-05
6,272,264,0.004003689158707857,8,1.0020911666875028,0.0020911666875027546,0.02168996631021505,0.5223099507998902,0.5223099507998902,5.417495077768532,0.5223099507998891,6.2636102415918185,0.2731777236936704,0.5217800961543503,0.5221900114952958,0.5611325184641438,-0.0005298546455398956,0.5221315675120775,0.5222487246313199,0.5615236392626208,-0.00017838328781272228,0.5222153411285033,0.5222432656673118,0.5616068136073851,-9.460967138685827e-05,0.5222354765134876,0.5222421883084822,0.5617922493272248,-7.447428640261489e-05
7,272,98,7.946503162384033,8,0.8194409086463353,-0.18055909135366466,0.3505091038118599,-0.02272182967325405,0.0,0.044108596781417944,-0.02272182967325405,6.3816853905909845,0.24121446329574692,-0.02339099469941161,-0.023391416068406196,-0.02330719401880014,-0.0006691650261575616,-0.023390912766692473,-0.02339088545578609,-0.02330718054109295,-0.0006690830934384245,-0.023390227141408357,-0.023389998599646983,-0.023307133027368303,-0.0006683974681543081,-0.02339066742081959,-0.02339081418062334,-0.023306615417829028,-0.0006688377475655427
7,272,131,2.959348201751709,8,1.040132612938879,0.04013261293887904,0.37077154048968547,0.013561301409250723,0.013561301409250723,0.12528824430670812,0.01356130140925068,5.315091113231313,0.2816306091924571,0.014001997652241218,0.013999801695521761,0.014393556494803644,0.0004406962429904949,0.014001405201428108,0.01400120771782374,0.014393911487741128,0.00044010379217738517,0.014002623080554367,0.014003029040263123,0.014396060763620863,0.00044132167130364434,0.014001500372633747,0.014001126136660214,0.014396554154150518,0.0004401989633830237
7,272,162,1.0099793672561646,8,1.0987055970523814,0.09870559705238136,0.3719843745830277,0.09773031039291154,0.09773031039291154,0.3683088849563399,0.09773031039291163,6.623339028536022,0.24931164243254905,0.09822729465387281,0.0982264726920245,0.10157298948907213,0.0004969842609612724,0.09822313309933682,0.0982217459144915,0.10157298948907213,0.0004928227064252833,0.09822480044567347,0.09822535622778567,0.10157298948907213,0.0004944900527619339,0.09822543460977025,0.09822564599780251,0.10157298948907213,0.0004951242168587111
7,272,192,0.29644227027893066,8,1.0598192695050503,0.05981926950505034,0.191772854250887,0.2017906199705081,0.2017906199705081,0.64691467269645,0.2017906199705089,7.005723117866709,0.22376119983550352,0.20259089331912572,0.20259181161244014,0.2051897378926667,0.000800273348617625,0.20258891781345062,0.20258825931155894,0.2051897378926667,0.0007982978429425247,0.20259137558396553,0.20259219484080385,0.2051897378926667,0.0008007556134574378,0.20259142687917697,0.20259144397758078,0.20519622517660513,0.0008008069086688774
7,272,215,0.09762091189622879,8,1.0269426101687702,0.026942610168770198,0.09783449646875583,0.2759921992678192,0.2759921992678192,1.0021878977401284,0.2759921992678174,7.181786804308619,0.21099942385748474,0.2759687458238575,0.27596951606645914,0.28094051335357406,-2.3453443961707343e-05,0.275969314032862,0.27596950343586346,0.28094051335357406,-2.2885234957192857e-05,0.2759689516442347,0.2759688308480256,0.28094051335357406,-2.324762358452137e-05,0.27596916785160625,0.2759692399207302,0.28094454965081717,-2.3031416212959677e-05
7,272,236,0.029532548040151596,8,1.0098253794366834,0.009825379436683379,0.07364604369525878,0.3326966377342408,0.3326966377342408,2.493724672694403,0.3326966377342445,7.2691816050181215,0.20523030159016645,0.33262349258565116,0.3326313880593226,0.3401359249623564,-7.314514858963728e-05,0.33263224592845264,0.33263516370938645,0.3401368248297854,-6.43918057881554e-05,0.3326345842897304,0.33263536374348973,0.34014997049811996,-6.205344451037931e-05,0.3326352967942863,0.332635534295805,0.34015034082022605,-6.134093995452394e-05
7,272,252,0.010116739198565483,8,1.0065460434402715,0.006546043440271543,0.0809880606383458,0.6470507257120701,0.6470507257120701,8.005352223553377,0.6470507257120753,7.330341747174524,0.2024993163104326,0.6463055919435261,0.6464446296858071,0.6890531906073285,-0.0007451337685440151,0.646405581530261,0.6464389113925059,0.6891378926723821,-0.0006451441818091652,0.6464699477700326,0.64649140318329,0.6893576046521104,-0.0005807779420374803,0.6464841687971395,0.6464889091395085,0.6893639580056855,-0.0005665569149305716
7,272,264,0.004003689158707857,8,1.0035988077325784,0.0035988077325783685,0.037476154459182835,0.8988729119370098,0.8988729119370098,9.360405609330025,0.8988729119370398,7.369937992065435,0.20073819315281063,0.8984993745245938,0.8990676508350119,0.9889131889868291,-0.0003735374124159696,0.8990535739795564,0.8992383071312108,0.9899571527717796,0.00018066204254663099,0.8991950184745321,0.8992421666395239,0.9903102787591951,0.0003221065375222931,0.8992367090492617,0.8992506059075048,0.9904466815078268,0.0003637971122518735
8,272,98,7.946503162384033,8,0.6654169367860424,-0.3345830632139576,0.3844626972906193,-0.04210443969842695,0.0,0.04838136843769613,-0.04210443969842696,4.675495694307838,0.2866584096219393,-0.04197945870180751,-0.0419794577949727,-0.04194010927060739,0.0001249809966194365,-0.04197935977396434,-0.041979326798016615,-0.04194009000295658,0.0001250799244626108,-0.04197949959499166,-0.041979546202000756,-0.04194008626760448,0.00012494010343529205,-0.041979483667505944,-0.041979478358344036,-0.04193781198419379,0.00012495603092100432
8,272,131,2.959348201751709,8,0.9817125092670044,-0.018287490732995626,0.3585539016948268,-0.006179567082430794,0.0,0.12115975453060582,-0.00617956708243084,5.212652276936882,0.30639471782766864,-0.006377861720927353,-0.006377964876933699,-0.005955840870885926,-0.00019829463849655848,-0.006378739363484823,-0.006379031911003988,-0.005955840870885926,-0.00019917228105402907,-0.00637867999998035,-0.006378660212145518,-0.005955840870885926,-0.00019911291754955585,-0.006378696346493006,-0.006378701795330561,-0.005955840870885926,-0.00019912926406221148
8,272,162,1.0099793672561646,8,1.7829211991225205,0.7829211991225205,1.294881287709993,0.7751853399238259,0.7751853399238259,1.2820868719603928,0.7751853399238261,3.340516299560738,0.5070791542653728,0.7726231147098384,0.7729271659738768,0.7855234132943413,-0.0025622252139875235,0.7728104106956065,0.7728728426908625,0.7855238447941303,-0.002374929228219358,0.7728639318884322,0.7728817722860406,0.7855241129249722,-0.0023214080353937128,0.7728819449205618,0.772887949264605,0.7855241129249722,-0.0023033950032640416
8,272,192,0.29644227027893066,8,1.1845663025096445,0.18456630250964445,0.3438276402213096,0.6226045372543563,0.6226045372543563,1.1598468730447677,0.6226045372543565,1.506349607043077,0.8110691120665392,0.6224984348740226,0.6227836568328999,0.7499329401795142,-0.00010610238033370578,0.6227742492535399,0.6228661873800454,0.7499329401795142,0.00016971199918358604,0.6228641870103333,0.622894166262598,0.7499329401795142,0.00025964975597703166,0.6228826145573783,0.6228887570730599,0.7499329401795142,0.0002780773030219841
8,272,215,0.09762091189622879,8,1.0592626283837674,0.05926262838376739,0.1424861286735017,0.607068989959484,0.607068989959484,1.4595861266381605,0.607068989959485,1.430691127455927,0.8332634996401707,0.6068956933108594,0.6074714460711357,0.6334067088995026,-0.00017329664862464345,0.6073128769053966,0.6074519381035756,0.6344600533003852,0.00024388694591259696,0.6073900616238372,0.6074157898633171,0.6344600533003852,0.0003210716643532452,0.6074320108644854,0.6074459939447014,0.6345536788256604,0.00036302090500139883
8,272,236,0.029532548040151596,8,1.0113406223249362,0.011340622324936156,0.058315476357717194,0.38400419460988516,0.38400419460988516,1.9746171674192543,0.3840041946098835,1.4198553065985102,0.8365811593950074,0.38367984724185217,0.383875442348381,0.3918038711965965,-0.0003243473680329956,0.38384098616318185,0.3838946991369583,0.39220402652371955,-0.00016320844670331125,0.3838792750308129,0.38389203798668997,0.39220402652371955,-0.00012491957907223572,0.3838921543632287,0.38389644747403395,0.39220402652371955,-0.00011204024665645296
8,272,252,0.010116739198565483,8,1.0036078276973905,0.003607827697390542,0.04235005718613319,0.3566196208657943,0.3566196208657943,4.18613708971941,0.35661962086578697,1.4240970004216236,0.8352868722956655,0.3564408955464031,0.35680229710495753,0.3715667706753505,-0.00017872531939117087,0.3566531607806525,0.35672391585873564,0.37157144863070984,3.353991485821606e-05,0.356704614980499,0.3567217663804478,0.37157784849094666,8.499411470469509e-05,0.35672933202178436,0.35673757103554615,0.3715838048186514,0.00010971115599006653
8,272,264,0.004003689158707857,8,1.0020294330608643,0.0020294330608643385,0.03098319454709933,0.506890765096088,0.506890765096088,7.738661349298852,0.5068907650960999,1.430246799695197,0.8334134468886744,0.5054054107308538,0.5065464234122634,0.5873230922419082,-0.001485354365234226,0.5062454544527812,0.506525469026757,0.5907474539182029,-0.0006453106433067513,0.5064117194571728,0.5064671411253033,0.5907603217822683,-0.0004790456389152098,0.5064424859356706,0.5064527414285032,0.5908269336596006,-0.00044827916041734195
9,272,98,7.946503162384033,8,0.6136169119162118,-0.3863830880837882,0.4461578754302302,-0.04862303332524809,0.0,0.05614518314699547,-0.048623033325248095,5.0535702038903025,0.31959101210173096,-0.04830831803003337,-0.048308220306488237,-0.048263298406953925,0.00031471529521472086,-0.04830841311675982,-0.048308444812335316,-0.048263298406953925,0.0003146202084882699,-0.04830855678199622,-0.048308604670408366,-0.048263259423190125,0.00031447654325186813,-0.04830868459927447,-0.04830872720503389,-0.048263222671512764,0.0003143487259736205
9,272,131,2.959348201751709,8,0.9428201948864081,-0.057179805113591886,0.33575980260893495,-0.019321756419114787,0.0,0.11345734929407451,-0.019321756419114842,6.070278779432059,0.23829235605504212,-0.019512760395201632,-0.019514497131580624,-0.019087951635549882,-0.00019100397608684538,-0.019512499760608884,-0.0195124128824113,-0.019087729271075708,-0.00019074334149409705,-0.019512075083442118,-0.019511933524386533,-0.01908765367902415,-0.00019031866432733108,-0.019510986238562008,-0.019510623290268637,-0.019086020536158495,-0.00018922981944722098
9,272,162,1.0099793672561646,8,1.0698913617813317,0.0698913617813317,0.4123120437541487,0.0692007817656783,0.0692007817656783,0.4082380859663369,0.06920078176567813,6.548938806533837,0.23624917775051596,0.06921174993554934,0.06920843081210527,0.0739645806455011,1.0968169871033995e-05,0.0692096456103295,0.06920894416858954,0.0739645806455011,8.863844651194053e-06,0.06920763386360106,0.06920696328135827,0.0739645806455011,6.852097922754874e-06,0.06920854604976068,0.0692088501118139,0.0739645806455011,7.76428408237606e-06
9,272,192,0.29644227027893066,8,1.0483492522140958,0.048349252214095806,0.181501266679091,0.16309837382031472,0.16309837382031472,0.6122651351587325,0.16309837382031483,6.200472301517776,0.2833761907829979,0.16288291238167749,0.16288156392443734,0.16855695048046357,-0.00021546143863723777,0.1628833824210551,0.1628835391008476,0.16855695048046357,-0.00021499139925962307,0.16288333839717484,0.1628833237225481,0.16855695048046357,-0.00021503542313988655,0.1628851400852265,0.1628857406479104,0.16855695048046357,-0.00021323373508821963
9,272,215,0.09762091189622879,8,1.0277560860363357,0.027756086036335725,0.10292355567689923,0.28432520755225577,0.28432520755225577,1.0543187282076114,0.2843252075522562,6.094716697951989,0.29417994128889746,0.28522437949221824,0.28522578434216705,0.29147568076120245,0.0008991719399624731,0.28522068475338463,0.2852194531737734,0.29147568076120245,0.0008954772011288692,0.2852202235948237,0.2852200698753034,0.29147568076120245,0.0008950160425679199,0.28521923570210783,0.28521890640453584,0.29147568076120245,0.0008940281498520664
9,272,236,0.029532548040151596,8,1.0184069626363843,0.018406962636384305,0.14097560739234588,0.6232771588607503,0.6232771588607503,4.773567360346948,0.623277158860752,6.015622957141111,0.301064596131264,0.6219263200155851,0.6223847696685137,0.6585776503387192,-0.001350838845165181,0.6223098919189153,0.6224377492200255,0.6594097052511952,-0.000967266941835021,0.6224169183256686,0.6224525937945865,0.6594097052511952,-0.0008602405350817133,0.6224826941753973,0.6225046194586401,0.6594097052511952,-0.0007944646853530468
9,272,252,0.010116739198565483,8,1.0032236596510034,0.003223659651003352,0.052286006893589254,0.3186461158809407,0.3186461158809407,5.1682667574353625,0.3186461158809415,5.882043548617075,0.3111114830481244,0.3215203162126641,0.3195076657020568,0.7271400630626208,0.0028742003317233644,0.3202404415572722,0.3198138166721416,0.7271400630626208,0.0015943256763314984,0.3198755863185464,0.31975396790563776,0.7271400630626208,0.0012294704376056842,0.31974579086153826,0.3197025257092022,0.7271400630626208,0.0010996749805975425
9,272,264,0.004003689158707857,8,1.0006559995394693,0.0006559995394692653,0.01825065355356077,0.16384876883923258,0.16384876883923258,4.55845916855617,0.16384876883921123,5.897073131585867,0.3101912371659304,0.16476897722933764,0.16419361006564948,0.29999976997455935,0.0009202083901050651,0.1643717544240888,0.1642393468223392,0.29999976997455935,0.0005229855848562226,0.16428402901505998,0.1642547872120504,0.3000215216073661,0.00043526017582740106,0.16429650484218455,0.16430066345122607,0.3000215216073661,0.00044773600295197613
all,272,98,7.946503162384033,80,0.7196846087482724,-0.28031539125172755,0.4446169503354217,-0.03527531362205235,0.0,0.055951270797963415,-0.03527531362205236,37.43563993455697,0.07935180881303772,-0.03519225219249109,-0.035192125430368405,-0.0350296907063475,8.306142956125695e-05,-0.03519234862583147,-0.03519238077027827,-0.035029619555317096,8.296499622088144e-05,-0.0351923051924336,-0.0351922907146343,-0.035029504246258045,8.300842961875277e-05,-0.035192221803800855,-0.03519219400758995,-0.03502910257387551,8.309181825149475e-05
all,272,131,2.959348201751709,80,1.248409674809273,0.248409674809273,1.1257651875309018,0.08394067134858729,0.08394067134858729,0.3804098439191895,0.08394067134858732,39.016037268046524,0.08766411319803843,0.08440377841729113,0.08440753671495305,0.09105126242857017,0.00046310706870383855,0.08441273993904462,0.08441572711296245,0.0910513491352471,0.00047206859045732796,0.08441425772083914,0.08441476364810396,0.09105165706892707,0.0004735863722518524,0.08441104987264794,0.08440998058991755,0.09105304493205402,0.0004703785240606495
all,272,162,1.0099793672561646,80,1.935523470507836,0.9355234705078359,1.0471773444871204,0.9262797843577688,0.9262797843577688,1.0368304328156845,0.9262797843577687,1.2250445431524708,0.9026320413886693,1.7565401362242465,1.2284464348045003,13.955099493187495,0.8302603518664777,1.1378959754774205,0.9316812552284779,13.955099495524117,0.2116161911196517,0.958733695251452,0.8990129351761292,13.955168725568893,0.03245391089368321,0.9251060142532527,0.9138967872538528,13.955168736065774,-0.0011737701045161364
all,272,192,0.29644227027893066,80,1.17022341235427,0.17022341235427008,0.24088584542039185,0.5742211196605066,0.5742211196605066,0.8125893962211791,0.5742211196605064,1.2249027802327759,0.9014833173770284,0.22245302553484791,0.16092443087981803,2.7166703630587126,-0.3517680941256587,0.49956873907170773,0.5919406435839943,7.573687093192002,-0.07465238058879886,0.5741014666924925,0.5989457092327541,9.85009902556334,-0.00011965296801408343,0.5739998313282672,0.5739659528735257,11.208777557141648,-0.00022128833223944433
all,272,215,0.09762091189622879,80,1.0416278518837607,0.041627851883760725,0.09111402566509938,0.4264235098316968,0.4264235098316968,0.9333453652016052,0.42642350983170013,1.2538056351455285,0.8902873188460807,0.22925638682784089,0.2227302812534567,1.3168543877889491,-0.19716712300385592,0.42068185489561344,0.4844903442515377,4.623945352737842,-0.005741654936083362,0.4194766400850549,0.4190749018148686,4.6239453782279725,-0.006946869746641882,0.42595351460175307,0.4281124727739859,5.894833597294356,-0.00046999522994373155
all,272,236,0.029532548040151596,80,1.007206794011413,0.007206794011413109,0.037204850212285166,0.24402885933225135,0.24402885933225135,1.259791405797513,0.24402885933224605,1.2686003743331595,0.8847900603525002,0.19105040820819,0.19416996083042712,0.9405332557934509,-0.052978451124061354,0.22748281288274128,0.23962694777425841,1.286055743918659,-0.016546046449510077,0.24384269924276658,0.2492959946961082,1.905963985366018,-0.00018616008948477147,0.24374514062960964,0.24371262109189076,1.9063247983345355,-0.00028371870264171095
all,272,252,0.010116739198565483,80,1.001471753351868,0.0014717533518679993,0.021809967203325748,0.145477047789933,0.145477047789933,2.15582973676126,0.1454770477899165,1.273823727689639,0.8829137945454629,0.13592336868839602,0.1389180078893396,0.5281625109545846,-0.009553679101536983,0.14140012287952572,0.1432257076099023,0.5300642927269329,-0.004076924910407287,0.1442355014798556,0.14518062767996553,0.5304884832151195,-0.0012415463100774182,0.1451584978909436,0.14546616336130627,0.5365143439358401,-0.000318549898989412
all,272,264,0.004003689158707857,80,1.00041628283429,0.0004162828342899605,0.009755895303431019,0.10397481367517322,0.10397481367517322,2.436726458199771,0.10397481367517211,1.2760070806379666,0.8821380225568436,0.09661563284128863,0.10281772401805721,0.3220809370501455,-0.007359180833884593,0.1014074739433112,0.10300475431065209,0.32287350892327116,-0.0025673397318620172,0.10335210158345234,0.10400031079683274,0.3263253617334445,-0.0006227120917208784,0.10380012130217242,0.10394946120841243,0.32768999937854254,-0.00017469237300080098
