arm,variant,K,initialization,final_error,amplification_product,propagated_initialization,propagated_discretization,propagated_learning,recursion_bound,recursion_slack,min_one_step_slack,propagated_delta,recursion_bound_delta,quadrature_abs_diff,resolved,bound_over_error,order_final_error,order_propagated_discretization
oracle,,17,gaussian,0.11301452300205156,0.006906553123624672,1.079127446333019e-05,0.15297301675457262,0.0,0.15298380802903594,0.03996928502698438,1.4406032790292844e-13,14.686437623164775,14.686448414439237,2.040929419502152e-05,True,1.3536650331768318,nan,nan
misspec,,17,gaussian,0.04149738349152411,0.004904830533872958,7.66364516998998e-06,0.12137055065583394,0.08912956417461221,0.21050777847561614,0.16901039498409204,0.0004904613972712703,10.725137708822293,10.814274936642075,1.2228992747886913e-06,True,5.07279642145661,nan,nan
perturbed,0.003,17,gaussian,0.11165471578396334,0.006915388304583893,1.0805079158806723e-05,0.15317331897502331,0.001825692324203331,0.15500981637838543,0.04335510059442209,0.0005161195545592451,14.704115712242153,14.705952209645515,nan,False,nan,nan,nan
perturbed,0.01,17,gaussian,0.10844378427072054,0.006930788703810715,1.0829141803649492e-05,0.15357342547760097,0.006099801146883053,0.15968405576628766,0.05124027149556712,0.0005617145052002753,14.735470954460958,14.741581584749644,2.5438021375147335e-05,True,1.472505380000851,nan,nan
perturbed,0.03,17,gaussian,0.09895531669214451,0.006930032608350554,1.0827960428007398e-05,0.1540320318913359,0.018328997755946604,0.1723718576077105,0.073416540915566,0.0005278664276878466,14.736163737689525,14.7545035634059,nan,False,nan,nan,nan
perturbed,0.1,17,gaussian,0.06067420517870682,0.006017534552337711,9.402210593982817e-06,0.1358275393994071,0.05349702786195681,0.18933396947195788,0.12865976429325104,0.0005145108807060698,12.782085240568122,12.835591670640673,nan,False,nan,nan,nan
trained,0,17,gaussian,0.11324013199127082,0.00689836567607474,1.0778481831161298e-05,0.15237039286151735,0.011586624222541093,0.1639677955658896,0.05072766357461879,0.00016298406237723675,14.631446108369659,14.643043511074032,6.270739300612976e-07,True,1.4479654225282002,nan,nan
trained,1,17,gaussian,0.11313792925799525,0.0070700556653963765,1.10467420999542e-05,0.1540848979274025,0.011053030565926991,0.16514897523542943,0.05201104597743418,0.00047927731388092577,14.885362527395518,14.896426604703546,nan,False,nan,nan,nan
trained,2,17,gaussian,0.1113928629827831,0.006861398006916647,1.0720720997788427e-05,0.15173046800557763,0.011351869853307143,0.16309305857988254,0.051700195597099444,0.00030478141303101267,14.568245046818715,14.57960763739302,nan,False,nan,nan,nan
oracle,,17,exact,0.11300599432683245,0.009594731592086382,0.0,0.15297411712527234,0.0,0.15297411712527234,0.03996812279843989,0.0,14.686580745478262,14.686580745478262,8.689023815246048e-05,True,1.353681439967205,nan,nan
oracle,,34,gaussian,0.07473848230458806,0.009304467366320353,1.4537940892919197e-05,0.10445283877638979,0.0,0.1044673767172827,0.029728894412694648,2.8530997009390546e-14,9.156127770823524,9.156142308764418,2.040929419502152e-05,True,1.3977722519376026,nan,0.5504254933101199
misspec,,34,gaussian,0.10324608711623598,0.015857392274772834,2.4776682267805126e-05,0.1527375178167261,0.21715883306416925,0.36992112756316314,0.26667504044692714,0.0002624713535097367,14.890484994731345,15.107668604477784,1.2228992747886913e-06,True,3.582906993334289,nan,-0.3316360747469185
perturbed,0.003,34,gaussian,0.07297954978642372,0.009308782229495948,1.4544682732439736e-05,0.1046232349760556,0.002330569604456544,0.1069683492632446,0.033988799476820875,7.20899825730481e-05,9.163123247712024,9.165468361999213,nan,False,nan,nan,0.5499617340133938
perturbed,0.01,34,gaussian,0.06877044778878319,0.009287911827281104,1.4512073378044114e-05,0.10477899708415316,0.007770467681287003,0.1125639768388182,0.043793529050035016,8.501757283947697e-05,9.151537855087028,9.159322834841692,2.5438021375147335e-05,True,1.6368073854126912,nan,0.5515790339406665
perturbed,0.03,34,gaussian,0.055757932155546315,0.008881394217505577,1.3876902255381063e-05,0.10211675570386534,0.022588611594802417,0.12471924420092315,0.06896131204537684,0.00012025020328164382,8.796739137548467,8.819341626045524,nan,False,nan,nan,0.5930107907638235
perturbed,0.1,34,gaussian,0.03366850246001209,0.008262654822082723,1.2910141192696468e-05,0.0867270586439752,0.06569977157381889,0.15243974035898677,0.11877123789897469,0.0001096791127184922,7.942157691601324,8.007870373316335,nan,False,nan,nan,0.647221933199229
trained,0,34,gaussian,0.07424302714265942,0.009142084690720316,1.4284223012360817e-05,0.10280376781988561,0.015522177973398329,0.1183402300162963,0.04409720287363689,5.6790991899880947e-05,8.985996638827476,9.001533101023886,6.270739300612976e-07,True,1.5939575010714913,nan,0.5676894583994109
trained,1,34,gaussian,0.0734856877164907,0.00939894073414461,1.468555259204295e-05,0.10395619557038466,0.015120615699694692,0.1190914968226714,0.0456058091061807,0.00015561970647830908,9.165112653060287,9.180247954312575,nan,False,nan,nan,0.5677497259125848
trained,2,34,gaussian,0.07305333952525186,0.00916546798986851,1.4320758690064239e-05,0.10299686035788717,0.01573425939065736,0.1187454405072346,0.04569210098198273,9.645442100030509e-05,9.014778069514932,9.03052664966428,nan,False,nan,nan,0.5589104522933881
oracle,,34,exact,0.07472630566342478,0.010945671346476104,0.0,0.10445308103138345,0.0,0.10445308103138345,0.029726775367958674,0.0,9.156208526458688,9.156208526458688,8.689023815246048e-05,True,1.3978087114576656,0.5967111965759015,0.5504325249112246
oracle,,68,gaussian,0.04966368434610876,0.012413538795275828,1.9395768309201877e-05,0.06970265722585253,0.0,0.06972205299416173,0.020058368648052972,6.254111811765384e-15,5.867333254837501,5.86735265060581,2.040929419502152e-05,True,1.403884023349238,nan,0.5835661407987508
misspec,,68,gaussian,0.12636741682714195,0.014389217876116031,2.248270542981544e-05,0.07196485085785495,0.20111265939926873,0.2730999929625535,0.14673257613541155,6.111030668763906e-05,6.574435348585643,6.775570490690342,1.2228992747886913e-06,True,2.1611583097890423,nan,1.0856901421681533
perturbed,0.003,68,gaussian,0.04735213188859971,0.012387116450409451,1.935448421707747e-05,0.0698070677887694,0.0030100382208830562,0.07283646049386953,0.02548432860526982,1.3882772412245059e-05,5.861112856543122,5.864142249248222,nan,False,nan,nan,0.5837582661415998
perturbed,0.01,68,gaussian,0.041660410406523456,0.012123738161506812,1.8942963831675867e-05,0.06920168449634549,0.00990694862092011,0.07912757608109727,0.03746716567457382,1.8833366050831357e-05,5.758694194600426,5.7686200861851775,2.5438021375147335e-05,True,1.8993470133627623,nan,0.5984704968499155
perturbed,0.03,68,gaussian,0.021280498190856444,0.008270371161289715,1.2922197732730884e-05,0.05037742241013083,0.021272078651215505,0.07166242325907907,0.05038192506822262,3.1519649069413486e-05,4.01140052449771,4.0326855253466585,nan,False,nan,nan,1.019370395753619
perturbed,0.1,68,gaussian,0.0656012727722552,0.014373220758252613,2.245771043066081e-05,0.07369931171912811,0.10890903266912996,0.18263080209868873,0.11702952932643353,3.023340695386227e-05,6.588288599073497,6.697220089453058,nan,False,nan,nan,0.23483103523768947
trained,0,68,gaussian,0.04861608535320737,0.011790446058126073,1.8422205285457e-05,0.06688148698542953,0.019627202451432083,0.08652711164214708,0.037911026288939706,2.040674550853397e-05,5.582227138759145,5.601872763415863,6.270739300612976e-07,True,1.779804174143334,nan,0.6202143126131273
trained,1,68,gaussian,0.04670619205506041,0.012043202872385994,1.8817129947054957e-05,0.06697962139971604,0.019002023483828824,0.08600046201349193,0.03929426995843152,5.1350821199067434e-05,5.655447362882709,5.674468203496485,nan,False,nan,nan,0.6341816159552713
trained,2,68,gaussian,0.048105456618048395,0.012101786960796399,1.890866576324352e-05,0.06843834256542675,0.020264997432211676,0.08872224866340167,0.040616792045353275,2.995470665355035e-05,5.729611212965505,5.7498951190634795,nan,False,nan,nan,0.5897236342781528
oracle,,68,exact,0.049651880985981264,0.013458966568685823,0.0,0.06970884533032659,0.0,0.06970884533032659,0.020056964344345327,0.0,5.867935753221407,5.867935753221407,8.689023815246048e-05,True,1.4039517526034557,0.5897678266721592,0.5834414120393089
oracle,,136,gaussian,0.033163446300760395,0.01656109913420899,2.5876202350540445e-05,0.04616365006748344,0.0,0.04618952626983398,0.013026079969073588,1.4584687624275006e-15,3.8280530241163424,3.828078900318693,2.040929419502152e-05,True,1.3927842676825453,nan,0.5944563564954464
misspec,,136,gaussian,0.13682853025985134,0.013565625282466203,2.1195867615792093e-05,0.034473176885250666,0.19158971386159115,0.2260840866144576,0.08925555635460627,1.4313982938934073e-05,3.059113799998001,3.250724709727208,1.2228992747886913e-06,True,1.6523168536934576,nan,1.061818179274705
perturbed,0.003,136,gaussian,0.030067797601204954,0.016385682434851098,2.5602119213215783e-05,0.04610103913172055,0.003917615485295673,0.050044256736229434,0.01997645913502448,3.3348140823681593e-06,3.7983467258168204,3.802289943421329,nan,False,nan,nan,0.5985738432332729
perturbed,0.01,136,gaussian,0.021838562481003736,0.01449382934138534,2.264615759090441e-05,0.042362677087076486,0.0118590550078883,0.054244378252555694,0.03240581577155196,5.407099492527739e-06,3.3991816671211743,3.4110633682866536,2.5438021375147335e-05,True,2.4838804431262425,nan,0.7080133935768668
perturbed,0.03,136,gaussian,0.02253653697367263,0.018540109520053024,2.8968344531619615e-05,0.04860380681782693,0.042234123365502786,0.09086689852786134,0.0683303615541887,8.98346239093864e-06,4.203048104984634,4.245311196694669,nan,False,nan,nan,0.051707992527623356
perturbed,0.1,136,gaussian,0.07871922115712271,0.013685090125038768,2.138252771698053e-05,0.0356574658250157,0.10378054141906877,0.13945938977180145,0.060740168614678736,8.342521557092378e-06,3.09744917470845,3.2012510986552356,nan,False,nan,nan,1.0474469716809014
trained,0,136,gaussian,0.031502115101227,0.014501717293270025,2.2658482270410607e-05,0.04154785406739162,0.024236528297742265,0.0658070408474043,0.034304925746177294,7.864331370758745e-06,3.37698759760587,3.4012467843858825,6.270739300612976e-07,True,2.0889721415829987,nan,0.6868329592064243
trained,1,136,gaussian,0.02848542558479218,0.014544142385169392,2.2724770157092032e-05,0.04059337069361427,0.023026873895787562,0.06364296935955892,0.035157543774766736,1.8023110645428407e-05,3.3572414742055487,3.3802910728714934,nan,False,nan,nan,0.7224780812651495
trained,2,136,gaussian,0.03206816335419997,0.015871199439566577,2.4798255533395457e-05,0.04498156665572979,0.026233637625411498,0.07124000253667467,0.0391718391824747,1.0157729745647812e-05,3.68719643526257,3.713454871143515,nan,False,nan,nan,0.6054709117879996
oracle,,136,exact,0.03315003701540713,0.01724634285739818,0.0,0.04617482659599059,0.0,0.04617482659599059,0.013024789580583465,0.0,3.8290897966977577,3.8290897966977577,8.689023815246048e-05,True,1.3929042243461127,0.5828378918405915,0.5942351874141101
oracle,,272,gaussian,0.02221614043520246,0.02214772955722213,3.46051386434804e-05,0.030626277189813162,0.0,0.03066088232845664,0.008444741893254181,3.5279938692678314e-16,2.5271636505050026,2.527198255643646,2.040929419502152e-05,True,1.3801174158889054,nan,0.591987290263432
misspec,,272,gaussian,0.14182526471096318,0.013171946599093895,2.0580756916346193e-05,0.016850887058078842,0.18700681712138975,0.20387828493638493,0.06205302022542175,3.465270041302648e-06,1.4757759662222472,1.662803364100553,1.2228992747886913e-06,True,1.4375314959001448,nan,1.0326497175787672
perturbed,0.003,272,gaussian,0.01795773171487157,0.021189714062392954,3.3108269226887964e-05,0.030010794379142107,0.005049362394754355,0.03509326504312335,0.01713553332825178,9.563484076567652e-07,2.435949122199229,2.4410315928632103,nan,False,nan,nan,0.6193177625520018
perturbed,0.01,272,gaussian,0.0019807568561553968,0.0038302754412717723,5.984686256235488e-06,0.006054159435222057,0.0033942999404330825,0.009454444061911375,0.007473687205755978,1.856623172029337e-06,0.4659154473002562,0.46931573192694553,2.5438021375147335e-05,True,4.773147210133723,nan,2.806795188666637
perturbed,0.03,272,gaussian,0.03402796027064025,0.023199971848447392,3.624923449900839e-05,0.03011155657794621,0.05220595680703221,0.08235376261947742,0.048325802348837175,3.069293133788585e-06,2.597939123493414,2.650181329534945,nan,False,nan,nan,0.6907520268659172
perturbed,0.1,272,gaussian,0.08482898181221453,0.013140727918005513,2.0531978698039942e-05,0.01725574272236322,0.09977843984510218,0.11705471454616344,0.03222573273394891,2.3248496971994825e-06,1.478665428895074,1.5784644007188744,nan,False,nan,nan,1.0471276026675842
trained,0,272,gaussian,0.020055148551605766,0.016204540124544434,2.531908998684895e-05,0.023708300055362126,0.027724766362682382,0.05145838550803136,0.03140323695642559,3.306493779589928e-06,1.88052093744217,1.9082710228948392,6.270739300612976e-07,True,2.565844145986703,nan,0.8093817425372382
trained,1,272,gaussian,0.018016016473880125,0.017307254120172446,2.7042046310846962e-05,0.02412066150691791,0.027156871759435226,0.05130457531266398,0.03328855883878386,6.882419158884406e-06,1.9804352940545846,2.0076192078603308,nan,False,nan,nan,0.7509746664534146
trained,2,272,gaussian,0.022147486375636696,0.020642648399740064,3.225349614261859e-05,0.02913997190387724,0.03337043600024957,0.06254266140026943,0.04039517502463273,3.7518060335695047e-06,2.372140788032331,2.405543477528723,nan,False,nan,nan,0.6263344229955281
oracle,,272,exact,0.02216257744441193,0.02257395469459808,0.0,0.030592211567988723,0.0,0.030592211567988723,0.008429634123576793,0.0,2.524488984697841,2.524488984697841,8.689023815246048e-05,True,1.3803544125100053,0.5808848088014835,0.5939421375707373
oracle,,544,gaussian,0.014892672406777675,0.0296402706199426,4.631200103754749e-05,0.020363660951339232,0.0,0.02040997295237678,0.005517300545599105,8.543513119185775e-17,1.6781969510832577,1.6782432630842952,2.040929419502152e-05,True,1.3704708191317077,nan,0.5887730587535579
misspec,,544,gaussian,0.14427516663112933,0.012981382948814114,2.0283007139273034e-05,0.008328787267282152,0.18478569058709218,0.1931347608615136,0.04885959423038427,8.529704086250294e-07,0.7249348767760639,0.9097408503702954,1.2228992747886913e-06,True,1.3386556076923786,nan,1.016646190236763
perturbed,0.003,544,gaussian,0.008641547970286103,0.023564255163210476,3.681841584919209e-05,0.0172543345299247,0.005717917058823203,0.023009070004597097,0.014367522034310994,3.201098657413387e-07,1.360532039072913,1.3662867745475855,nan,False,nan,nan,0.7985226746885159
perturbed,0.01,544,gaussian,0.015101837797176703,0.03606955560705973,5.635755888052219e-05,0.02329642345023483,0.026825115777601626,0.050177896786716976,0.035076058989540276,6.647980947960264e-07,2.0053158643637667,2.032197337700249,2.5438021375147335e-05,True,3.322635129619639,nan,-1.9441099103089512
perturbed,0.03,544,gaussian,0.03894182813187408,0.021865258817617188,3.416378689762761e-05,0.014291812812127727,0.04935718537856243,0.06368316197758778,0.024741333845713698,8.811990227035847e-07,1.2220602604366795,1.2714516096021395,nan,False,nan,nan,1.0751283648681769
perturbed,0.1,544,gaussian,0.08779327521767893,0.012863845885687602,2.0099359133515527e-05,0.00847672092501551,0.09774126428407308,0.1062380845682221,0.01844480935054317,6.542737881389676e-07,0.7217395018257033,0.8195008654689099,nan,False,nan,nan,1.025498375814019
trained,0,544,gaussian,0.013010459002734885,0.01572817740105234,2.4574788046171947e-05,0.011851695290000188,0.02798193933777693,0.039858209415823284,0.0268477504130884,1.4883889433298103e-06,0.9163028060153497,0.9443093201411729,6.270739300612976e-07,True,3.0635513633642613,nan,1.0002987818273577
trained,1,544,gaussian,0.017723438406111684,0.028142972234854725,4.397251887650904e-05,0.019053811122909967,0.04079309372159384,0.05989087736338032,0.04216743895726864,2.871204945353867e-06,1.588723038255791,1.6295601044962615,nan,False,nan,nan,0.34018988065907435
trained,2,544,gaussian,0.01862837367164216,0.029144539124081232,4.55374359924082e-05,0.019955030188271473,0.0444785759590033,0.06447914358326717,0.04585076991162501,1.5243930394821803e-06,1.6521099483496404,1.6966340617446363,nan,False,nan,nan,0.546247025006419
oracle,,544,exact,0.014814946468258053,0.02986483819859788,0.0,0.0203099415102307,0.0,0.0203099415102307,0.005494995041972647,0.0,1.6739485461510013,1.6739485461510013,8.689023815246048e-05,True,1.370908869211645,0.5810722591224791,0.5909783208977394
oracle,,1088,gaussian,0.009985299332694455,0.0396475767779593,6.194810568435527e-05,0.013556779537919422,0.0,0.013618727643603777,0.003633428310909322,2.1250362580715887e-17,1.1171797821234437,1.117241730229128,2.040929419502152e-05,True,1.3638777556735366,nan,0.586982448745387
misspec,,1088,gaussian,0.14547648355657547,0.012886647801015866,2.013498641708122e-05,0.004139872023152649,0.18367903961047347,0.1878390466200432,0.04236256306346772,2.119763114239637e-07,0.359261726330462,0.5429609009273525,1.2228992747886913e-06,True,1.2911987011769708,nan,1.0085202738288217
perturbed,0.003,1088,gaussian,0.004002073573420298,0.028255294015927933,4.414801816625242e-05,0.009541260151292514,0.006492183698819369,0.016077591868278136,0.012075518294857836,1.1548923008024292e-07,0.7947238639062261,0.8012601956232116,nan,False,nan,nan,0.8547071063085125
perturbed,0.01,1088,gaussian,0.019145987645171177,0.0358532333809556,5.6019562129809714e-05,0.011617961187447486,0.026703522263050016,0.03837750301262731,0.019231515367456133,2.9207709563786044e-07,0.9956402086610746,1.0223997504862545,2.5438021375147335e-05,True,2.0044671355622925,nan,1.0037515688925
perturbed,0.03,1088,gaussian,0.04126359312365014,0.02102970765981307,3.285826419902199e-05,0.006900360812103227,0.04756476773817452,0.05449798681447677,0.013234393690826629,2.5653693604306416e-07,0.5872819446305843,0.6348795706329579,nan,False,nan,nan,1.0504452174987904
perturbed,0.1,1088,gaussian,0.08924142871062299,0.012724863438339637,1.9882203381858887e-05,0.004199732496377425,0.09671759885536264,0.10093721355512193,0.011695784844498944,1.867155836852985e-07,0.35647792629662073,0.4532154073553652,nan,False,nan,nan,1.0132088529338457
trained,0,1088,gaussian,0.012013188412549655,0.017988437791799115,2.810637461309631e-05,0.006883210074094949,0.03231169112617839,0.039223007574886434,0.02720981916233678,7.020017970312681e-07,0.5243026278572347,0.5566424253580262,6.270739300612976e-07,True,3.2649956221374055,nan,0.7839399933640904
trained,1,1088,gaussian,0.01817831802746737,0.03855570764208743,6.0242094116453404e-05,0.01268140690371439,0.05227938296618552,0.06502103196401636,0.046842713936548985,1.2868355137628587e-06,1.077670549437755,1.130010174498057,nan,False,nan,nan,0.5873647827210574
trained,2,1088,gaussian,0.018662917842572794,0.039096845627654586,6.10876053896258e-05,0.012820949410104424,0.05611471923264835,0.0689967562481424,0.05033383840556961,6.713650737462384e-07,1.09288395173961,1.149059758577648,nan,False,nan,nan,0.6382493617859261
oracle,,1088,exact,0.009876288408919574,0.03962754370705074,0.0,0.01347813913574236,0.0,0.01347813913574236,0.003601850726822786,0.0,1.1109354428435367,1.1109354428435367,8.689023815246048e-05,True,1.3646967947564033,0.585012541316557,0.5915647608364308
