arm,variant,K,sigma_target,sigma_actual,step_index,E_OT,e,Los_pts,gamma
oracle,,17,0.04,0.05994731123547159,14,3.255833271028006,0.0916985421737755,150.82248205617216,1.1930794072472366
oracle,,17,0.065,0.05994731123547159,14,3.255833271028006,0.0916985421737755,150.82248205617216,1.1930794072472366
oracle,,17,0.09,0.05994731123547159,14,3.255833271028006,0.0916985421737755,150.82248205617216,1.1930794072472366
oracle,,17,0.15,0.13951646873101678,13,-0.44099088944722326,0.07520909013544926,16.34797492893565,1.0943257344889297
misspec,,17,0.04,0.05994731123547159,14,-5.353619955397443,0.04174663857935588,224.0748431454028,1.0290384480607173
misspec,,17,0.065,0.05994731123547159,14,-5.353619955397443,0.04174663857935588,224.0748431454028,1.0290384480607173
misspec,,17,0.09,0.05994731123547159,14,-5.353619955397443,0.04174663857935588,224.0748431454028,1.0290384480607173
misspec,,17,0.15,0.13951646873101678,13,-2.575356010677375,0.03263565504196481,18.974082672654077,0.9035981773681581
perturbed,0.003,17,0.04,0.05994731123547159,14,3.2618666646691175,0.09050505702848179,150.8283970300755,1.1946645595301921
perturbed,0.003,17,0.065,0.05994731123547159,14,3.2618666646691175,0.09050505702848179,150.8283970300755,1.1946645595301921
perturbed,0.003,17,0.09,0.05994731123547159,14,3.2618666646691175,0.09050505702848179,150.8283970300755,1.1946645595301921
perturbed,0.003,17,0.15,0.13951646873101678,13,-0.4570705634218789,0.07420654217802101,16.353541517778567,1.0934589904045382
perturbed,0.01,17,0.04,0.05994731123547159,14,3.2654274942536716,0.08772002296424246,150.84219863585008,1.198158094319625
perturbed,0.01,17,0.065,0.05994731123547159,14,3.2654274942536716,0.08772002296424246,150.84219863585008,1.198158094319625
perturbed,0.01,17,0.09,0.05994731123547159,14,3.2654274942536716,0.08772002296424246,150.84219863585008,1.198158094319625
perturbed,0.01,17,0.15,0.13951646873101678,13,-0.4979205776282365,0.07187511879004821,16.366530225078723,1.0910871937617361
perturbed,0.03,17,0.04,0.05994731123547159,14,3.1674573681758798,0.07978815761983049,150.881631795206,1.2057487827791604
perturbed,0.03,17,0.065,0.05994731123547159,14,3.1674573681758798,0.07978815761983049,150.881631795206,1.2057487827791604
perturbed,0.03,17,0.09,0.05994731123547159,14,3.1674573681758798,0.07978815761983049,150.881631795206,1.2057487827791604
perturbed,0.03,17,0.15,0.13951646873101678,13,-0.6434889710440694,0.06529006422319948,16.403640817364895,1.0812077787403276
perturbed,0.1,17,0.04,0.05994731123547159,14,-0.4576672298851808,0.054214380037486694,151.01964785295172,1.1284777812626718
perturbed,0.1,17,0.065,0.05994731123547159,14,-0.4576672298851808,0.054214380037486694,151.01964785295172,1.1284777812626718
perturbed,0.1,17,0.09,0.05994731123547159,14,-0.4576672298851808,0.054214380037486694,151.01964785295172,1.1284777812626718
perturbed,0.1,17,0.15,0.13951646873101678,13,-1.6125617242488484,0.04412004134294759,16.533527890366468,0.9910362390946442
trained,0,17,0.04,0.05994731123547159,14,3.5114755724285316,0.09270759599980129,57.07821337464048,1.1906580371578042
trained,0,17,0.065,0.05994731123547159,14,3.5114755724285316,0.09270759599980129,57.07821337464048,1.1906580371578042
trained,0,17,0.09,0.05994731123547159,14,3.5114755724285316,0.09270759599980129,57.07821337464048,1.1906580371578042
trained,0,17,0.15,0.13951646873101678,13,-0.3726524183282053,0.0757247136226393,18.611439821016408,1.0995167012629754
trained,1,17,0.04,0.05994731123547159,14,3.6642799610609553,0.09206760496145426,55.43347200976821,1.195761783048285
trained,1,17,0.065,0.05994731123547159,14,3.6642799610609553,0.09206760496145426,55.43347200976821,1.195761783048285
trained,1,17,0.09,0.05994731123547159,14,3.6642799610609553,0.09206760496145426,55.43347200976821,1.195761783048285
trained,1,17,0.15,0.13951646873101678,13,-0.34516960196221014,0.07474583865088141,19.837404228228877,1.1033896680875668
trained,2,17,0.04,0.05994731123547159,14,3.6047112851035843,0.09154450847706959,59.068345796181696,1.1943416142099221
trained,2,17,0.065,0.05994731123547159,14,3.6047112851035843,0.09154450847706959,59.068345796181696,1.1943416142099221
trained,2,17,0.09,0.05994731123547159,14,3.6047112851035843,0.09154450847706959,59.068345796181696,1.1943416142099221
trained,2,17,0.15,0.13951646873101678,13,-0.39383298172441394,0.07476925484600859,19.34822375105475,1.0982052395369188
oracle,,34,0.04,0.037694983536806455,29,6.361943849704758,0.06422840786942055,289.2948217908737,1.099830570171375
oracle,,34,0.065,0.05994731123547159,28,6.609127824898723,0.055006528582552554,150.82248205617216,1.177548968204886
oracle,,34,0.09,0.0926249470665603,27,3.170153152446498,0.04602718094686709,56.20745646821708,1.1876526756062715
oracle,,34,0.15,0.13951646873101678,26,-0.09727180498301784,0.03974973813737913,16.34797492893565,1.0488195905704751
misspec,,34,0.04,0.037694983536806455,29,7.907609842314471,0.08692035544397761,572.255240379351,1.1214650919770925
misspec,,34,0.065,0.05994731123547159,28,8.930341609579047,0.07249390790432658,224.0748431454028,1.2196334627253231
misspec,,34,0.09,0.0926249470665603,27,7.757392594315463,0.05517409572829971,70.41145665542257,1.3238449858578054
misspec,,34,0.15,0.13951646873101678,26,3.2683147580193452,0.04178114824893453,18.974082672654077,1.215679317736809
perturbed,0.003,34,0.04,0.037694983536806455,29,6.463874982269143,0.06259442083385987,289.3007878817186,1.101519840662831
perturbed,0.003,34,0.065,0.05994731123547159,28,6.6609907865964955,0.05353832543630386,150.8283970300755,1.1798219636534457
perturbed,0.003,34,0.09,0.0926249470665603,27,3.0753832719290637,0.04486428141085509,56.21325739478456,1.1862792225366923
perturbed,0.003,34,0.15,0.13951646873101678,26,-0.1345986851519623,0.038713668365059926,16.353541517778567,1.0469384440722407
perturbed,0.01,34,0.04,0.037694983536806455,29,6.706173656195834,0.05870924576361709,289.31470876035655,1.1055978568925002
perturbed,0.01,34,0.065,0.05994731123547159,28,6.750357868796138,0.050086458728113584,150.84219863585008,1.184798213056863
perturbed,0.01,34,0.09,0.0926249470665603,27,2.795900927841801,0.04218472486015663,56.22679289010873,1.1810981447040934
perturbed,0.01,34,0.15,0.13951646873101678,26,-0.23308721067021818,0.036323344348202016,16.366530225078723,1.0418480126671117
perturbed,0.03,34,0.04,0.037694983536806455,29,7.3756029423131215,0.04697010527085794,289.3544826993223,1.117823055579722
perturbed,0.03,34,0.065,0.05994731123547159,28,6.493427457741196,0.04008568434627103,150.881631795206,1.1918737768144265
perturbed,0.03,34,0.09,0.0926249470665603,27,1.3943460019817144,0.03492255698419641,56.26546573389203,1.1435387766340483
perturbed,0.03,34,0.15,0.13951646873101678,26,-0.6225466749332109,0.029791440680886593,16.403640817364895,1.0204791810767335
perturbed,0.1,34,0.04,0.037694983536806455,29,6.9414594723408545,0.027926421098830957,289.4936914857024,1.1230234983853806
perturbed,0.1,34,0.065,0.05994731123547159,28,1.6135369250162022,0.025504798907767086,151.01964785295172,1.1192398983954286
perturbed,0.1,34,0.09,0.0926249470665603,27,-2.510424693943083,0.024689413729391017,56.400820687133596,0.9947325072385597
perturbed,0.1,34,0.15,0.13951646873101678,26,-1.4180652510629392,0.01873959682283897,16.533527890366468,0.9668867293651394
trained,0,34,0.04,0.037694983536806455,29,5.992766831451205,0.06432817830800215,56.22233296690208,1.093778906227512
trained,0,34,0.065,0.05994731123547159,28,6.667538355762591,0.055258427325989096,57.07821337464048,1.1752086915909263
trained,0,34,0.09,0.0926249470665603,27,3.2722922394849343,0.04640273283266605,41.52497468231412,1.1833038922283452
trained,0,34,0.15,0.13951646873101678,26,-0.09527106486532351,0.040177112216317055,18.611439821016408,1.048752078909317
trained,1,34,0.04,0.037694983536806455,29,6.004211167971315,0.0635531412715212,58.36736102698916,1.0943463018034694
trained,1,34,0.065,0.05994731123547159,28,6.639519271760763,0.05463179075502269,55.43347200976821,1.1751855535954752
trained,1,34,0.09,0.0926249470665603,27,3.2969208127904377,0.04582547198856327,40.44614728725927,1.1833800889031532
trained,1,34,0.15,0.13951646873101678,26,-0.021170080631584105,0.03940091903056811,19.837404228228877,1.0522610254316391
trained,2,34,0.04,0.037694983536806455,29,5.92338171368414,0.06396384715741506,61.53802085754612,1.0928167771068715
trained,2,34,0.065,0.05994731123547159,28,6.844116189248172,0.05476930965207079,59.068345796181696,1.1784185791759187
trained,2,34,0.09,0.0926249470665603,27,3.4572715618149474,0.045642467248925574,42.505983956568315,1.190288050124226
trained,2,34,0.15,0.13951646873101678,26,-0.11156310941801639,0.03945496033119409,19.34822375105475,1.0490714357132591
oracle,,68,0.04,0.037694983536806455,58,8.693137855700407,0.04111858352890195,289.2948217908737,1.0726340553004703
oracle,,68,0.065,0.05994731123547159,56,10.41576099001401,0.03294167026831403,150.82248205617216,1.138722916923555
oracle,,68,0.09,0.0926249470665603,54,5.4262703135772465,0.02477195387131584,56.20745646821708,1.1354709268284018
oracle,,68,0.15,0.13951646873101678,52,0.2253812412930552,0.020500489871922035,16.34797492893565,1.0230487185205306
misspec,,68,0.04,0.037694983536806455,58,6.095020642530576,0.11110290331034646,572.255240379351,1.0507126199482244
misspec,,68,0.065,0.05994731123547159,56,7.027045796447247,0.09634854558843103,224.0748431454028,1.0896219696389022
misspec,,68,0.09,0.0926249470665603,54,6.844417277968649,0.07637522781721377,70.41145665542257,1.1352349545965168
misspec,,68,0.15,0.13951646873101678,52,3.068064021110789,0.05926278022147924,18.974082672654077,1.0959993869080285
perturbed,0.003,68,0.04,0.037694983536806455,58,8.93233248592804,0.03903216208364474,289.3007878817186,1.0746808528240952
perturbed,0.003,68,0.065,0.05994731123547159,56,10.612406552887022,0.031130197179718815,150.8283970300755,1.1419813713812723
perturbed,0.003,68,0.09,0.0926249470665603,54,5.145344348494655,0.02347206606000355,56.21325739478456,1.1315723469270387
perturbed,0.003,68,0.15,0.13951646873101678,52,0.14384906322057545,0.01944468858522048,16.353541517778567,1.020729788353759
perturbed,0.01,68,0.04,0.037694983536806455,58,9.540955878933163,0.03394751483212079,289.31470876035655,1.0799543935324327
perturbed,0.01,68,0.065,0.05994731123547159,56,10.963265937244126,0.026813162104997058,150.84219863585008,1.1489634984073098
perturbed,0.01,68,0.09,0.0926249470665603,54,4.175702969331661,0.02052915929915945,56.22679289010873,1.116188145925961
perturbed,0.01,68,0.15,0.13951646873101678,52,-0.09221636031242995,0.017056735449262127,16.366530225078723,1.013922194798586
perturbed,0.03,68,0.04,0.037694983536806455,58,10.535376230116485,0.016895436786030494,289.3544826993223,1.0919025631664012
perturbed,0.03,68,0.065,0.05994731123547159,56,5.405823388551489,0.01424361195765478,150.881631795206,1.1006350666926084
perturbed,0.03,68,0.09,0.0926249470665603,54,-1.8678902164114672,0.01369978078522031,56.26546573389203,0.9946070986561336
perturbed,0.03,68,0.15,0.13951646873101678,52,-1.1777681498091828,0.01138539117551864,16.403640817364895,0.9812615006275094
perturbed,0.1,68,0.04,0.037694983536806455,58,7.464458855245454,0.055194706443117345,289.4936914857024,1.0622305837187398
perturbed,0.1,68,0.065,0.05994731123547159,56,9.467905746992429,0.044898192554816405,151.01964785295172,1.1234854651535844
perturbed,0.1,68,0.09,0.0926249470665603,54,7.302817917060193,0.032487000206265666,56.400820687133596,1.1617345947926494
perturbed,0.1,68,0.15,0.13951646873101678,52,1.1838078921684756,0.024934657937448992,16.533527890366468,1.048850154816093
trained,0,68,0.04,0.037694983536806455,58,8.248666248768316,0.04048399413920623,56.22233296690208,1.06909080454217
trained,0,68,0.065,0.05994731123547159,56,10.207513282398802,0.032626127607180914,57.07821337464048,1.135301900396799
trained,0,68,0.09,0.0926249470665603,54,5.1154017262128,0.02491679010284584,41.52497468231412,1.1240668700007304
trained,0,68,0.15,0.13951646873101678,52,0.12971874107005454,0.020917531372709765,18.611439821016408,1.020360265969585
trained,1,68,0.04,0.037694983536806455,58,8.321888776443297,0.038755555629717595,58.36736102698916,1.0699952638624406
trained,1,68,0.065,0.05994731123547159,56,9.973989314132258,0.03133758560165165,55.43347200976821,1.1334120119026918
trained,1,68,0.09,0.0926249470665603,54,4.630179095219562,0.02422229486812884,40.44614728725927,1.1146956264434154
trained,1,68,0.15,0.13951646873101678,52,0.19840569853091913,0.020250754350005267,19.837404228228877,1.0216069065787374
trained,2,68,0.04,0.037694983536806455,58,8.220742193969093,0.040543136387016294,61.53802085754612,1.068846692476154
trained,2,68,0.065,0.05994731123547159,56,10.533041993135974,0.0325578783443467,59.068345796181696,1.1386127358825724
trained,2,68,0.09,0.0926249470665603,54,5.816915124218121,0.024284517430639273,42.505983956568315,1.1371117874626309
trained,2,68,0.15,0.13951646873101678,52,0.11842985190083638,0.020214340715415124,19.34822375105475,1.0208004692992267
oracle,,136,0.04,0.037694983536806455,116,11.052912500059197,0.026433481774316366,289.2948217908737,1.0479125745686046
oracle,,136,0.065,0.06700723830375127,111,14.876480763117039,0.017708078796192746,120.99412376156775,1.1119380048036742
oracle,,136,0.09,0.0926249470665603,108,7.507653605603573,0.013039752121668347,56.20745646821708,1.0852282238830246
oracle,,136,0.15,0.15399958799859095,103,-0.09735305660684375,0.0099827615813467,11.472685550658662,1.002089234905473
misspec,,136,0.04,0.037694983536806455,116,5.385863958817429,0.12230865543753819,572.255240379351,1.023367399265815
misspec,,136,0.065,0.06700723830375127,111,6.2770811865173775,0.10330826960266362,170.4078311076973,1.0455058044986687
misspec,,136,0.09,0.0926249470665603,108,6.0744509033068415,0.08780247219600178,70.41145665542257,1.0596988594802437
misspec,,136,0.15,0.15399958799859095,103,1.8209479950178966,0.06617780454596991,13.216054440459905,1.0301132974821856
perturbed,0.003,136,0.04,0.037694983536806455,116,11.612406604555218,0.02372883181290076,289.3007878817186,1.0503636241571686
perturbed,0.003,136,0.065,0.06700723830375127,111,15.256579995822554,0.015642030004052055,121.00001790348655,1.1157766492086876
perturbed,0.003,136,0.09,0.0926249470665603,108,6.674861267810479,0.011632836465147272,56.21325739478456,1.0777452601539947
perturbed,0.003,136,0.15,0.15399958799859095,103,-0.1992103459702124,0.008932741173368257,11.478165685891566,1.0005015486055007
perturbed,0.01,136,0.04,0.037694983536806455,116,13.30305880890118,0.016702771495824536,289.31470876035655,1.057873429833803
perturbed,0.01,136,0.065,0.06700723830375127,111,14.409025492695879,0.010722126269730766,121.01377090129704,1.1147377657207422
perturbed,0.01,136,0.09,0.0926249470665603,108,3.0272207672358085,0.008636378001376878,56.22679289010873,1.0421410797207675
perturbed,0.01,136,0.15,0.15399958799859095,103,-0.5620868345047807,0.006668513394793588,11.490952668101668,0.9947879333003542
perturbed,0.03,136,0.04,0.037694983536806455,116,13.468725844688791,0.017121293957391284,289.3544826993223,1.0585406674826514
perturbed,0.03,136,0.065,0.06700723830375127,111,16.172500968933324,0.010603310559817709,121.05306518075561,1.126948165545325
perturbed,0.03,136,0.09,0.0926249470665603,108,4.209244533089071,0.00803229730592141,56.26546573389203,1.0541254195657859
perturbed,0.03,136,0.15,0.15399958799859095,103,-0.26590131432614256,0.005422038991022407,11.527486902987674,0.9988972598154144
perturbed,0.1,136,0.04,0.037694983536806455,116,6.326297089687873,0.06804070416621656,289.4936914857024,1.027424086013206
perturbed,0.1,136,0.065,0.06700723830375127,111,8.417050725873898,0.053605588641089254,121.19059515886065,1.0615854656918247
perturbed,0.1,136,0.09,0.0926249470665603,108,7.42274030826624,0.04252429441476038,56.400820687133596,1.0757034362637377
perturbed,0.1,136,0.15,0.15399958799859095,103,0.5436599849051773,0.03173204930145819,11.655356725088692,1.0116966515759607
trained,0,136,0.04,0.037694983536806455,116,10.615192492196329,0.025157991683578493,56.22233296690208,1.0461647219392411
trained,0,136,0.065,0.06700723830375127,111,13.730068250827932,0.01713775703532811,54.997231825588266,1.103036614667929
trained,0,136,0.09,0.0926249470665603,108,6.1992330291442395,0.013048021312386188,41.52497468231412,1.069499644480438
trained,0,136,0.15,0.15399958799859095,103,-0.21161462627786737,0.010480760857453435,13.901198034847704,1.0005084673167215
trained,1,136,0.04,0.037694983536806455,116,10.75073583970359,0.02261000002700837,58.36736102698916,1.0469536706770777
trained,1,136,0.065,0.06700723830375127,111,12.420300904211311,0.0156960948218714,52.49080578286616,1.0943188939822512
trained,1,136,0.09,0.0926249470665603,108,4.898383446407094,0.0123624124547278,40.44614728725927,1.0564240004399623
trained,1,136,0.15,0.15399958799859095,103,0.05071393504903738,0.009811715796964816,14.835636639391605,1.0041132306226672
trained,2,136,0.04,0.037694983536806455,116,10.617642917947343,0.025953896072170454,61.53802085754612,1.0461732239523267
trained,2,136,0.065,0.06700723830375127,111,14.600609870982984,0.0175457459861691,56.1802429996426,1.1083664077479616
trained,2,136,0.09,0.0926249470665603,108,8.278842132296264,0.012706336576655944,42.505983956568315,1.0891269879659542
trained,2,136,0.15,0.15399958799859095,103,-0.10331481423190039,0.009824775545949403,14.44599698944359,1.002146745899537
oracle,,272,0.04,0.04001398541711184,231,14.337492727883758,0.016441915296199996,272.78624912124064,1.033411054873423
oracle,,272,0.065,0.06339307847650347,223,20.45056004712483,0.010838905412312179,135.42266156012326,1.072494204918041
oracle,,272,0.09,0.08784976015599161,217,11.43040827722674,0.00708100905231953,64.4992724068167,1.0576371129210307
oracle,,272,0.15,0.14660479294260434,207,0.24883796687717866,0.0051429084120325165,13.736277762184619,1.0028632587724708
misspec,,272,0.04,0.04001398541711184,231,5.18067683249259,0.12629127960944272,517.8675040276441,1.0120842481914685
misspec,,272,0.065,0.06339307847650347,223,5.830528515956613,0.11133246113451993,195.70466257287643,1.0203376042565797
misspec,,272,0.09,0.08784976015599161,217,5.8131939375657025,0.09624178903350153,82.05437961021616,1.0271510019982697
misspec,,272,0.15,0.14660479294260434,207,2.222701423281134,0.07279071863115227,15.873934595472697,1.0168172246417584
perturbed,0.003,272,0.04,0.04001398541711184,231,15.832025552631196,0.012933524868890996,272.79221093892164,1.036918504756951
perturbed,0.003,272,0.065,0.06339307847650347,223,21.93802949347251,0.008196988260958191,135.42856663759957,1.0784573752842488
perturbed,0.003,272,0.09,0.08784976015599161,217,8.862417010115074,0.005492839460473848,64.50509273152217,1.0459306668245174
perturbed,0.003,272,0.15,0.14660479294260434,207,-0.06049617829128592,0.004107364271953323,13.74180276721842,1.0005754066261558
perturbed,0.01,272,0.04,0.04001398541711184,231,-5.459775421618125,0.002047608109966863,272.8061218468441,0.9889486437475681
perturbed,0.01,272,0.065,0.06339307847650347,223,-8.758262474750376,0.0027214540295789603,135.442345151711,0.9705464249162791
perturbed,0.01,272,0.09,0.08784976015599161,217,-4.249616924336429,0.0031232502841011048,64.51867348916826,0.9818340033713302
perturbed,0.01,272,0.15,0.14660479294260434,207,-1.1201882675246084,0.0024716286579768015,13.754694445630621,0.9926199406332868
perturbed,0.03,272,0.04,0.04001398541711184,231,11.575452378524622,0.026434311934347112,272.8458672980512,1.0269569046744882
perturbed,0.03,272,0.065,0.06339307847650347,223,16.544798128823388,0.018826673162341392,135.48171233488654,1.058079123731022
perturbed,0.03,272,0.09,0.08784976015599161,217,14.076735327406062,0.012431017182321605,64.55747565387139,1.068436262309203
perturbed,0.03,272,0.15,0.14660479294260434,207,1.0646723735050883,0.008100615573865124,13.791527812522629,1.008787455270555
perturbed,0.1,272,0.04,0.04001398541711184,231,6.056405697183275,0.0730856248270075,272.98497637727576,1.0141191925873403
perturbed,0.1,272,0.065,0.06339307847650347,223,7.611652352320706,0.06142650323893113,135.61949747600093,1.0266252246707408
perturbed,0.1,272,0.09,0.08784976015599161,217,7.394838712704729,0.04999309554115005,64.69328323033236,1.0349935626890656
perturbed,0.1,272,0.15,0.14660479294260434,207,0.9876278400483252,0.03678835636823797,13.920444596644654,1.0081755235430274
trained,0,272,0.04,0.04001398541711184,231,13.371108345713486,0.014953614281182604,56.350104939277514,1.0312679135983087
trained,0,272,0.065,0.06339307847650347,223,17.358368699540964,0.010216385306449156,56.21406219575047,1.0615273743563025
trained,0,272,0.09,0.08784976015599161,217,8.432500309223741,0.007111924571937873,44.343861965706004,1.0421067583813153
trained,0,272,0.15,0.14660479294260434,207,-0.30105438452461836,0.005797055647162473,16.18236010463309,0.9989267418679021
trained,1,272,0.04,0.04001398541711184,231,12.844983162536506,0.013485551001581364,58.7506079792995,1.030117777815876
trained,1,272,0.065,0.06339307847650347,223,15.609201768717377,0.009503538600294388,54.066851651837986,1.0555406675413794
trained,1,272,0.09,0.08784976015599161,217,7.486029210624829,0.006850369675787331,42.60983183761647,1.0374220393711457
trained,1,272,0.15,0.14660479294260434,207,0.5141183343257419,0.00525725930540835,17.27450352197184,1.0046346784215232
trained,2,272,0.04,0.04001398541711184,231,12.986650907430775,0.016911192894128353,61.97857317008418,1.030352630875784
trained,2,272,0.065,0.06339307847650347,223,17.78886559801944,0.011646059923917243,57.73903443832597,1.0625462665020038
trained,2,272,0.09,0.08784976015599161,217,13.546351159283134,0.007488008992956612,45.224660544260054,1.0651525493743388
trained,2,272,0.15,0.14660479294260434,207,0.30039626949968246,0.005215116233386314,16.810720961158363,1.00332726506174
oracle,,544,0.04,0.04001398541711184,462,17.434245943442992,0.010465269457306012,272.78624912124064,1.0205211354428139
oracle,,544,0.065,0.06517868920571973,445,27.110425139699352,0.00586405459386975,128.08243581206256,1.0493796122155596
oracle,,544,0.09,0.0902102743856584,433,11.224838150130314,0.003518564992556847,60.23837360130427,1.02803979715619
oracle,,544,0.15,0.15026320362020773,413,0.15703191226674185,0.00255647972522733,12.56367766302735,1.000832870123704
misspec,,544,0.04,0.04001398541711184,462,5.029016604598012,0.12895259463011272,517.8675040276441,1.0059234329619517
misspec,,544,0.065,0.06517868920571973,445,5.6645746728930195,0.11299169256168577,182.68539166828776,1.010181096230379
misspec,,544,0.09,0.0902102743856584,433,5.580176939563259,0.09777356716336336,76.03088526068717,1.0133381824955758
misspec,,544,0.15,0.15026320362020773,413,1.9377963279762704,0.07456906477487198,14.493672043845454,1.007343578757694
perturbed,0.003,544,0.04,0.04001398541711184,462,21.989246764140077,0.005615373297989336,272.79221093892164,1.0259121454234996
perturbed,0.003,544,0.065,0.06517868920571973,445,26.548231906566848,0.002816613002038668,128.08833555741768,1.0495332966330448
perturbed,0.003,544,0.09,0.0902102743856584,433,3.3266883173513753,0.002053924967133537,60.24418444906108,1.0089504282673893
perturbed,0.003,544,0.15,0.15026320362020773,413,-0.5282603664162032,0.0015848168535023436,12.569180654207585,0.9982650698104742
perturbed,0.01,544,0.04,0.04001398541711184,462,17.554303502026524,0.010580893474080618,272.8061218468441,1.020660237495483
perturbed,0.01,544,0.065,0.06517868920571973,445,28.08727213356094,0.00585175960463518,128.10210162991308,1.0510874394873126
perturbed,0.01,544,0.09,0.0902102743856584,433,13.010191695476585,0.0033311867163935516,60.25774309382696,1.0323013376747845
perturbed,0.01,544,0.15,0.15026320362020773,413,0.5989142994671068,0.002151268494619035,12.582020966961466,1.0024537613870026
perturbed,0.03,544,0.04,0.04001398541711184,462,10.549719408574386,0.0308985156278933,272.8458672980512,1.0124133927682601
perturbed,0.03,544,0.065,0.06517868920571973,445,15.206992004545246,0.022107494185844883,128.14143326561418,1.0274005703467226
perturbed,0.03,544,0.09,0.0902102743856584,433,13.301904175961162,0.014898317190113454,60.296482078872344,1.0323642408439946
perturbed,0.03,544,0.15,0.15026320362020773,413,0.8885898776125364,0.010012322211880621,12.618707574829692,1.0035482892037106
perturbed,0.1,544,0.04,0.04001398541711184,462,5.817945328313741,0.07608272957283617,272.98497637727576,1.0068503852217279
perturbed,0.1,544,0.065,0.06517868920571973,445,7.342774341436225,0.06352702428747026,128.27909399056801,1.0132171647786008
perturbed,0.1,544,0.09,0.0902102743856584,433,6.972861913187092,0.051916770398413664,60.432068526531175,1.0167841113281122
perturbed,0.1,544,0.15,0.15026320362020773,413,0.7756375648260777,0.03880145689354944,12.747110702368486,1.0031127431367082
trained,0,544,0.04,0.04001398541711184,462,13.514728378511277,0.00977839985284331,56.350104939277514,1.015950923382517
trained,0,544,0.065,0.06517868920571973,445,19.46514036188595,0.0062094224385926345,55.649028968513626,1.0353127697018454
trained,0,544,0.09,0.0902102743856584,433,7.437952820425575,0.0039897888412554275,42.95406409622462,1.018569148964631
trained,0,544,0.15,0.15026320362020773,413,-0.9187929483867531,0.003486303025183607,15.021816790148108,0.996886457679847
trained,1,544,0.04,0.04001398541711184,462,15.674807829022786,0.012580745897526877,58.7506079792995,1.0184869696140029
trained,1,544,0.065,0.06517868920571973,445,20.429973362527278,0.007737008371652476,53.30438054446577,1.036976649985915
trained,1,544,0.09,0.0902102743856584,433,12.250533579613533,0.004765529252378381,41.54577036166925,1.0298468184096081
trained,1,544,0.15,0.15026320362020773,413,1.5667609613913713,0.0030739945137823596,16.037358576257372,1.0060052340442962
trained,2,544,0.04,0.04001398541711184,462,14.47399641582599,0.013707943835812022,61.97857317008418,1.0170648794775223
trained,2,544,0.065,0.06517868920571973,445,20.273336988255064,0.008664665998491148,56.98807403992822,1.0365879755910272
trained,2,544,0.09,0.0902102743856584,433,16.398526502752826,0.004999331671779394,43.88236074293777,1.0396009153627177
trained,2,544,0.15,0.15026320362020773,413,0.9839412227656849,0.003055236117251176,15.605793950974101,1.0039189913151083
oracle,,1088,0.04,0.04001398541711184,924,20.947438676817548,0.006628583596889318,272.78624912124064,1.0123929967382952
oracle,,1088,0.065,0.06517868920571973,890,34.25263398976894,0.003196856530077757,128.08243581206256,1.0311718130244314
oracle,,1088,0.09,0.0902102743856584,866,11.760843383354683,0.0017813752765448256,60.23837360130427,1.014372836934076
oracle,,1088,0.15,0.15026320362020773,826,0.18362577402222016,0.0012844870049516178,12.56367766302735,1.000403159156354
misspec,,1088,0.04,0.04001398541711184,924,4.952945555071208,0.13026906608587707,517.8675040276441,1.0029312080253883
misspec,,1088,0.065,0.06517868920571973,890,5.572080691960612,0.11438760990839626,182.68539166828776,1.005020932737506
misspec,,1088,0.09,0.0902102743856584,866,5.490304297594115,0.09920820196823617,76.03088526068717,1.006558061919846
misspec,,1088,0.15,0.15026320362020773,826,1.9184911128847022,0.07586750906025701,14.493672043845454,1.003591616925333
perturbed,0.003,1088,0.04,0.04001398541711184,924,31.170305060744795,0.002256233547450631,272.79221093892164,1.0184658369789825
perturbed,0.003,1088,0.065,0.06517868920571973,890,19.395430003890226,0.0009436569279678422,128.08833555741768,1.0182082655824585
perturbed,0.003,1088,0.09,0.0902102743856584,866,-1.01311736525324,0.0008237629411708106,60.24418444906108,0.9989633220843912
perturbed,0.003,1088,0.15,0.15026320362020773,826,-0.8301298785536912,0.0006028806814177638,12.569180654207585,0.9985091709246926
perturbed,0.01,1088,0.04,0.04001398541711184,924,15.507126927703057,0.013920102891867342,272.8061218468441,1.009172031722885
perturbed,0.01,1088,0.065,0.06517868920571973,890,25.197709376688127,0.008271985205947543,128.10210162991308,1.0227823915725878
perturbed,0.01,1088,0.09,0.0902102743856584,866,16.24408696679284,0.004620229274962248,60.25774309382696,1.0196866450536324
perturbed,0.01,1088,0.15,0.15026320362020773,826,0.9183826014184046,0.0029868556788854622,12.582020966961466,1.0017640003609156
perturbed,0.03,1088,0.04,0.04001398541711184,924,10.106082805644999,0.03304271181123208,272.8458672980512,1.0059776660306434
perturbed,0.03,1088,0.065,0.06517868920571973,890,14.455566752690983,0.02401925393364675,128.14143326561418,1.0130395417302809
perturbed,0.03,1088,0.09,0.0902102743856584,866,13.035371015295475,0.016443838766251644,60.296482078872344,1.0156995080005942
perturbed,0.03,1088,0.15,0.15026320362020773,826,0.884923176850992,0.011106210165080743,12.618707574829692,1.0017026983774673
perturbed,0.1,1088,0.04,0.04001398541711184,924,5.6985455696356295,0.07756322848489042,272.98497637727576,1.003371856733195
perturbed,0.1,1088,0.065,0.06517868920571973,890,7.182321932691429,0.06501930359768432,128.27909399056801,1.006476572692693
perturbed,0.1,1088,0.09,0.0902102743856584,866,6.843287429080135,0.05336600833035485,60.432068526531175,1.0082022562981399
perturbed,0.1,1088,0.15,0.15026320362020773,826,0.7807120491298518,0.0399816983458123,12.747110702368486,1.001504917731424
trained,0,1088,0.04,0.04001398541711184,924,15.852096475985368,0.00852752054714259,56.350104939277514,1.0093925491922067
trained,0,1088,0.065,0.06517868920571973,890,21.758182749232436,0.005056425041201022,55.649028968513626,1.0196933690216328
trained,0,1088,0.09,0.0902102743856584,866,9.51624142110263,0.00291694734368973,42.95406409622462,1.011573194841384
trained,0,1088,0.15,0.15026320362020773,826,-1.6713911594394637,0.0025549394877963727,15.021816790148108,0.996984823555507
trained,1,1088,0.04,0.04001398541711184,924,15.151279715996512,0.013042122098431917,58.7506079792995,1.008970055996493
trained,1,1088,0.065,0.06517868920571973,890,21.253019449079492,0.008029784431131828,53.30438054446577,1.0191848252582458
trained,1,1088,0.09,0.0902102743856584,866,17.24922059573081,0.00457376030521182,41.54577036166925,1.0206856282214856
trained,1,1088,0.15,0.15026320362020773,826,2.9837235673708022,0.002357989373396592,16.037358576257372,1.0055707209588869
trained,2,1088,0.04,0.04001398541711184,924,15.726167745647444,0.01339844891701022,61.97857317008418,1.0093099347568173
trained,2,1088,0.065,0.06517868920571973,890,21.75281590320014,0.008105108381889613,56.98807403992822,1.0196505367685387
trained,2,1088,0.09,0.0902102743856584,866,18.015119744928583,0.00447964760188082,43.88236074293777,1.0216044038724361
trained,2,1088,0.15,0.15026320362020773,826,2.0562518213881593,0.0023454005373841156,15.605793950974101,1.003871347506469
