sigma,x,density,rate,weight
0.19596539229396848,-3.2109549210757806,1.6097388065322288e-32,-4.898836593497096,0.0
0.19596539229396848,-3.2046835247455543,2.3439854420171896e-32,-4.898836593497095,0.0
0.19596539229396848,-3.1984121284153284,3.409788232938851e-32,-4.898836593497093,0.0
0.19596539229396848,-3.192140732085102,4.955333710660876e-32,-4.898836593497092,0.0
0.19596539229396848,-3.185869335754876,7.194347437237695e-32,-4.898836593497089,0.0
0.19596539229396848,-3.17959793942465,1.043477068603062e-31,-4.898836593497087,0.0
0.19596539229396848,-3.173326543094424,1.511984757489398e-31,-4.898836593497085,0.0
0.19596539229396848,-3.1670551467641976,2.1886933481529254e-31,-4.898836593497082,0.0
0.19596539229396848,-3.1607837504339718,3.1651582205592588e-31,-4.898836593497079,0.0
0.19596539229396848,-3.1545123541037454,4.5727655203188365e-31,-4.898836593497077,0.0
0.19596539229396848,-3.148240957773519,6.599870922356075e-31,-4.898836593497073,0.0
0.19596539229396848,-3.141969561443293,9.516230497446843e-31,-4.898836593497069,0.0
0.19596539229396848,-3.135698165113067,1.3707790713358825e-30,-4.898836593497065,0.0
0.19596539229396848,-3.129426768782841,1.9726179420783126e-30,-4.898836593497061,0.0
0.19596539229396848,-3.1231553724526147,2.8359037981466066e-30,-4.898836593497056,0.0
0.19596539229396848,-3.1168839761223888,4.072986879227231e-30,-4.898836593497051,0.0
0.19596539229396848,-3.1106125797921624,5.843963964584506e-30,-4.8988365934970455,0.0
0.19596539229396848,-3.1043411834619365,8.376740253473542e-30,-4.898836593497039,0.0
0.19596539229396848,-3.09806978713171,1.1995423080549608e-29,-4.898836593497033,0.0
0.19596539229396848,-3.091798390801484,1.7160466622191405e-29,-4.898836593497025,0.0
0.19596539229396848,-3.085526994471258,2.4525372765041138e-29,-4.898836593497017,0.0
0.19596539229396848,-3.0792555981410317,3.501669412874494e-29,-4.898836593497009,0.0
0.19596539229396848,-3.072984201810806,4.994680008036872e-29,-4.898836593497,0.0
0.19596539229396848,-3.0667128054805795,7.11726601378643e-29,-4.8988365934969895,0.0
0.19596539229396848,-3.0604414091503536,1.0131919446151154e-28,-4.898836593496978,0.0
0.19596539229396848,-3.0541700128201272,1.440931248684534e-28,-4.898836593496966,0.0
0.19596539229396848,-3.047898616489901,2.0472354477808634e-28,-4.898836593496953,0.0
0.19596539229396848,-3.041627220159675,2.905797375435733e-28,-4.898836593496939,0.0
0.19596539229396848,-3.0353558238294487,4.120366647309829e-28,-4.898836593496924,0.0
0.19596539229396848,-3.029084427499223,5.8368616637330455e-28,-4.898836593496907,0.0
0.19596539229396848,-3.0228130311689965,8.260302260833719e-28,-4.898836593496888,0.0
0.19596539229396848,-3.0165416348387706,1.1678457366290209e-27,-4.898836593496869,0.0
0.19596539229396848,-3.0102702385085442,1.649483674047875e-27,-4.8988365934968465,0.0
0.19596539229396848,-3.0039988421783184,2.327467174913846e-27,-4.898836593496823,0.0
0.19596539229396848,-2.997727445848092,3.2808933209644824e-27,-4.898836593496798,0.0
0.19596539229396848,-2.9914560495178657,4.620337023164335e-27,-4.898836593496769,0.0
0.19596539229396848,-2.98518465318764,6.500222211008246e-27,-4.898836593496739,0.0
0.19596539229396848,-2.9789132568574135,9.135992880522445e-27,-4.898836593496706,0.0
0.19596539229396848,-2.9726418605271876,1.2827921779820775e-26,-4.89883659349667,0.0
0.19596539229396848,-2.9663704641969613,1.7994088626448182e-26,-4.898836593496631,0.0
0.19596539229396848,-2.9600990678667354,2.5216012363684302e-26,-4.898836593496587,0.0
0.19596539229396848,-2.953827671536509,3.530172795155556e-26,-4.898836593496541,0.0
0.19596539229396848,-2.947556275206283,4.9372886734306635e-26,-4.8988365934964895,0.0
0.19596539229396848,-2.941284878876057,6.898490622587317e-26,-4.898836593496435,0.0
0.19596539229396848,-2.9350134825458305,9.629253890711832e-26,-4.898836593496375,0.0
0.19596539229396848,-2.9287420862156046,1.3427779427151164e-25,-4.89883659349631,0.0
0.19596539229396848,-2.9224706898853783,1.87063373026201e-25,-4.898836593496238,0.0
0.19596539229396848,-2.9161992935551524,2.6034325170280586e-25,-4.898836593496161,0.0
0.19596539229396848,-2.909927897224926,3.6197359431153526e-25,-4.8988365934960765,0.0
0.19596539229396848,-2.9036565008947,5.027828519012442e-25,-4.898836593495984,0.0
0.19596539229396848,-2.897385104564474,6.976812078334701e-25,-4.898836593495885,0.0
0.19596539229396848,-2.891113708234248,9.67178413874215e-25,-4.898836593495776,0.0
0.19596539229396848,-2.8848423119040216,1.3394582031855397e-24,-4.898836593495657,0.0
0.19596539229396848,-2.8785709155737953,1.8532104437851416e-24,-4.898836593495529,0.0
0.19596539229396848,-2.8722995192435694,2.561493824507093e-24,-4.898836593495388,0.0
0.19596539229396848,-2.866028122913343,3.536998607321576e-24,-4.898836593495236,0.0
0.19596539229396848,-2.859756726583117,4.87920949982928e-24,-4.89883659349507,0.0
0.19596539229396848,-2.853485330252891,6.72414460478579e-24,-4.89883659349489,0.0
0.19596539229396848,-2.847213933922665,9.257583215216307e-24,-4.898836593494693,0.0
0.19596539229396848,-2.8409425375924386,1.2733013691952913e-23,-4.898836593494478,0.0
0.19596539229396848,-2.8346711412622128,1.7495960481282748e-23,-4.898836593494245,0.0
0.19596539229396848,-2.8283997449319864,2.4016923434051312e-23,-4.898836593493991,0.0
0.19596539229396848,-2.82212834860176,3.2935932162329085e-23,-4.898836593493715,0.0
0.19596539229396848,-2.815856952271534,4.5122748658520774e-23,-4.898836593493415,0.0
0.19596539229396848,-2.809585555941308,6.175812977630617e-23,-4.898836593493087,0.0
0.19596539229396848,-2.803314159611082,8.444340288792638e-23,-4.898836593492731,0.0
0.19596539229396848,-2.7970427632808557,1.1534806618355101e-22,-4.8988365934923435,0.0
0.19596539229396848,-2.7907713669506298,1.5740840244694117e-22,-4.898836593491922,0.0
0.19596539229396848,-2.7844999706204034,2.145944600208394e-22,-4.898836593491462,0.0
0.19596539229396848,-2.7782285742901776,2.92268561638021e-22,-4.898836593490962,0.0
0.19596539229396848,-2.7719571779599512,3.976662189167576e-22,-4.898836593490418,0.0
0.19596539229396848,-2.765685781629725,5.405405748232612e-22,-4.898836593489826,0.0
0.19596539229396848,-2.759414385299499,7.340250812690043e-22,-4.8988365934891815,0.0
0.19596539229396848,-2.7531429889692727,9.957871138581624e-22,-4.89883659348848,0.0
0.19596539229396848,-2.746871592639047,1.3495690363335036e-21,-4.898836593487716,0.0
0.19596539229396848,-2.7406001963088205,1.827244698796266e-21,-4.898836593486885,0.0
0.19596539229396848,-2.7343287999785946,2.471560905956804e-21,-4.89883659348598,0.0
0.19596539229396848,-2.7280574036483682,3.3397881937312223e-21,-4.898836593484996,0.0
0.19596539229396848,-2.7217860073181424,4.508577450709704e-21,-4.8988365934839235,0.0
0.19596539229396848,-2.715514610987916,6.080413933854257e-21,-4.898836593482757,0.0
0.19596539229396848,-2.7092432146576897,8.192185128180563e-21,-4.898836593481487,0.0
0.19596539229396848,-2.702971818327464,1.1026542910369581e-20,-4.898836593480105,0.0
0.19596539229396848,-2.6967004219972375,1.482695560715606e-20,-4.898836593478601,0.0
0.19596539229396848,-2.6904290256670116,1.9917627416142365e-20,-4.898836593476964,0.0
0.19596539229396848,-2.6841576293367853,2.6729831583370008e-20,-4.898836593475181,0.0
0.19596539229396848,-2.6778862330065594,3.583668606218567e-20,-4.8988365934732405,0.0
0.19596539229396848,-2.671614836676333,4.799903027884584e-20,-4.898836593471129,0.0
0.19596539229396848,-2.665343440346107,6.422588334826126e-20,-4.898836593468832,0.0
0.19596539229396848,-2.659072044015881,8.585403485239108e-20,-4.89883659346633,0.0
0.19596539229396848,-2.6528006476856545,1.1465271306264803e-19,-4.898836593463607,0.0
0.19596539229396848,-2.6465292513554286,1.529610876925364e-19,-4.8988365934606435,0.0
0.19596539229396848,-2.6402578550252023,2.0386871793242768e-19,-4.898836593457418,0.0
0.19596539229396848,-2.6339864586949764,2.7145211005346093e-19,-4.898836593453907,0.0
0.19596539229396848,-2.62771506236475,3.6108450600472804e-19,-4.898836593450085,0.0
0.19596539229396848,-2.621443666034524,4.798411468920763e-19,-4.898836593445926,0.0
0.19596539229396848,-2.615172269704298,6.370288788542427e-19,-4.898836593441398,0.0
0.19596539229396848,-2.608900873374072,8.448775240770019e-19,-4.898836593436471,0.0
0.19596539229396848,-2.6026294770438456,1.1194414775535725e-18,-4.898836593431107,0.0
0.19596539229396848,-2.5963580807136193,1.4817742153353508e-18,-4.898836593425269,0.0
0.19596539229396848,-2.5900866843833934,1.959456712400315e-18,-4.898836593418915,0.0
0.19596539229396848,-2.583815288053167,2.5885843160352084e-18,-4.898836593411998,0.0
0.19596539229396848,-2.577543891722941,3.416346866823171e-18,-4.89883659340447,0.0
0.19596539229396848,-2.571272495392715,4.504375666069796e-18,-4.898836593396275,0.0
0.19596539229396848,-2.565001099062489,5.933080623089575e-18,-4.898836593387357,0.0
0.19596539229396848,-2.5587297027322626,7.807264584217491e-18,-4.898836593377649,0.0
0.19596539229396848,-2.5524583064020367,1.0263383260280518e-17,-4.898836593367084,0.0
0.19596539229396848,-2.5461869100718104,1.3478923160417693e-17,-4.898836593355583,0.0
0.19596539229396848,-2.539915513741584,1.7684502618992258e-17,-4.8988365933430655,0.0
0.19596539229396848,-2.533644117411358,2.3179470092763705e-17,-4.89883659332944,0.0
0.19596539229396848,-2.527372721081132,3.0351989157742365e-17,-4.89883659331461,0.0
0.19596539229396848,-2.521101324750906,3.970487334297038e-17,-4.898836593298468,0.0
0.19596539229396848,-2.5148299284206797,5.188878158414743e-17,-4.898836593280898,0.0
0.19596539229396848,-2.5085585320904538,6.774482613829245e-17,-4.898836593261775,0.0
0.19596539229396848,-2.5022871357602274,8.835920373905473e-17,-4.8988365932409605,0.0
0.19596539229396848,-2.4960157394300015,1.1513316829461898e-16,-4.898836593218305,0.0
0.19596539229396848,-2.489744343099775,1.4987255801978278e-16,-4.8988365931936455,0.0
0.19596539229396848,-2.483472946769549,1.9490221972713944e-16,-4.898836593166805,0.0
0.19596539229396848,-2.477201550439323,2.5321209831800093e-16,-4.89883659313759,0.0
0.19596539229396848,-2.4709301541090967,3.2864355554202367e-16,-4.898836593105791,0.0
0.19596539229396848,-2.464658757778871,4.2612674267481604e-16,-4.898836593071182,0.0
0.19596539229396848,-2.4583873614486444,5.51982693806765e-16,-4.89883659303351,0.0
0.19596539229396848,-2.4521159651184186,7.143073754209686e-16,-4.898836592992505,0.0
0.19596539229396848,-2.4458445687881922,9.234594046716916e-16,-4.898836592947874,0.0
0.19596539229396848,-2.4395731724579663,1.1926787576952718e-15,-4.898836592899296,0.0
0.19596539229396848,-2.43330177612774,1.5388708086593358e-15,-4.898836592846422,0.0
0.19596539229396848,-2.4270303797975137,1.9835988146570533e-15,-4.898836592788871,0.0
0.19596539229396848,-2.420758983467288,2.5543389171457638e-15,-4.898836592726229,0.0
0.19596539229396848,-2.4144875871370615,3.2860653938388013e-15,-4.898836592658048,0.0
0.19596539229396848,-2.4082161908068356,4.223250915254729e-15,-4.898836592583836,0.0
0.19596539229396848,-2.4019447944766092,5.422387737805881e-15,-4.898836592503061,0.0
0.19596539229396848,-2.3956733981463834,6.955162085266974e-15,-4.89883659241514,0.0
0.19596539229396848,-2.389402001816157,8.912446643331729e-15,-4.898836592319444,0.0
0.19596539229396848,-2.383130605485931,1.140931660391076e-14,-4.898836592215284,0.0
0.19596539229396848,-2.376859209155705,1.4591344869074004e-14,-4.898836592101913,0.0
0.19596539229396848,-2.3705878128254785,1.864249409047873e-14,-4.898836591978513,0.0
0.19596539229396848,-2.3643164164952526,2.379499990782893e-14,-4.898836591844198,0.0
0.19596539229396848,-2.3580450201650263,3.0341734392850904e-14,-4.898836591698005,0.0
0.19596539229396848,-2.3517736238348004,3.8651655370073126e-14,-4.898836591538881,0.0
0.19596539229396848,-2.345502227504574,4.918909092714163e-14,-4.898836591365683,0.0
0.19596539229396848,-2.339230831174348,6.253778507449141e-14,-4.898836591177167,0.0
0.19596539229396848,-2.332959434844122,7.94308474940889e-14,-4.898836590971977,0.0
0.19596539229396848,-2.326688038513896,1.0078801652252351e-13,-4.8988365907486395,0.0
0.19596539229396848,-2.3204166421836696,1.2776197072486448e-13,-4.898836590505548,0.0
0.19596539229396848,-2.3141452458534433,1.6179582368215486e-13,-4.898836590240957,0.0
0.19596539229396848,-2.3078738495232174,2.0469442471513045e-13,-4.898836589952962,0.0
0.19596539229396848,-2.301602453192991,2.587126842504295e-13,-4.898836589639497,0.0
0.19596539229396848,-2.295331056862765,3.2666486937630116e-13,-4.898836589298307,0.0
0.19596539229396848,-2.289059660532539,4.12059700499229e-13,-4.898836588926939,0.0
0.19596539229396848,-2.2827882642023125,5.192671571750882e-13,-4.898836588522727,0.0
0.19596539229396848,-2.2765168678720866,6.537242101161897e-13,-4.898836588082763,0.0
0.19596539229396848,-2.2702454715418607,8.221882850093528e-13,-4.898836587603886,0.0
0.19596539229396848,-2.2639740752116344,1.0330491895510045e-12,-4.898836587082654,0.0
0.19596539229396848,-2.257702678881408,1.2967125667179873e-12,-4.898836586515321,0.0
0.19596539229396848,-2.251431282551182,1.626070756830731e-12,-4.8988365858978105,0.0
0.19596539229396848,-2.245159886220956,2.0370803563608713e-12,-4.898836585225684,0.0
0.19596539229396848,-2.23888848989073,2.549469869373751e-12,-4.89883658449411,0.0
0.19596539229396848,-2.2326170935605036,3.1876057968155404e-12,-4.898836583697832,0.0
0.19596539229396848,-2.2263456972302773,3.981551464521247e-12,-4.898836582831125,0.0
0.19596539229396848,-2.2200743009000514,4.968360048586117e-12,-4.898836581887763,0.0
0.19596539229396848,-2.2138029045698255,6.193651848553023e-12,-4.898836580860964,0.0
0.19596539229396848,-2.207531508239599,7.713536159182948e-12,-4.898836579743349,0.0
0.19596539229396848,-2.201260111909373,9.596950424703604e-12,-4.898836578526884,0.0
0.19596539229396848,-2.194988715579147,1.1928504108033268e-11,-4.89883657720283,0.0
0.19596539229396848,-2.188717319248921,1.481193232244081e-11,-4.898836575761668,0.0
0.19596539229396848,-2.1824459229186948,1.837428528493625e-11,-4.898836574193041,0.0
0.19596539229396848,-2.1761745265884684,2.277100468268258e-11,-4.898836572485675,0.0
0.19596539229396848,-2.169903130258242,2.819206782713476e-11,-4.8988365706273,0.0
0.19596539229396848,-2.163631733928016,3.486941586207778e-11,-4.89883656860456,0.0
0.19596539229396848,-2.1573603375977903,4.308592429337392e-11,-4.898836566402916,0.0
0.19596539229396848,-2.151088941267564,5.3186223890475436e-11,-4.8988365640065465,0.0
0.19596539229396848,-2.1448175449373377,6.558973893779717e-11,-4.898836561398228,0.0
0.19596539229396848,-2.138546148607112,8.080637947760672e-11,-4.898836558559214,0.0
0.19596539229396848,-2.132274752276886,9.945540643378375e-11,-4.898836555469101,0.0
0.19596539229396848,-2.1260033559466596,1.2228808548381303e-10,-4.8988365521056805,0.0
0.19596539229396848,-2.1197319596164332,1.5021485974275146e-10,-4.89883654844478,0.0
0.19596539229396848,-2.113460563286207,1.8433790561728349e-10,-4.898836544460087,0.0
0.19596539229396848,-2.107189166955981,2.2599009390809124e-10,-4.898836540122964,0.0
0.19596539229396848,-2.100917770625755,2.767815632244144e-10,-4.898836535402242,0.0
0.19596539229396848,-2.094646374295529,3.3865532944865933e-10,-4.89883653026399,0.0
0.19596539229396848,-2.0883749779653025,4.1395360843837927e-10,-4.898836524671282,0.0
0.19596539229396848,-2.0821035816350766,5.054968252186861e-10,-4.898836518583922,0.0
0.19596539229396848,-2.0758321853048503,6.166776282957843e-10,-4.89883651195816,0.0
0.19596539229396848,-2.0695607889746244,7.515726300743429e-10,-4.898836504746376,0.0
0.19596539229396848,-2.063289392644398,9.150750624427502e-10,-4.89883649689674,0.0
0.19596539229396848,-2.0570179963141717,1.1130520803844597e-09,-4.898836488352837,0.0
0.19596539229396848,-2.050746599983946,1.352531077351007e-09,-4.89883647905326,0.0
0.19596539229396848,-2.04447520365372,1.6419201070113461e-09,-4.898836468931175,0.0
0.19596539229396848,-2.0382038073234936,1.9912683515344546e-09,-4.898836457913832,0.0
0.19596539229396848,-2.0319324109932673,2.4125735533688018e-09,-4.8988364459220515,0.0
0.19596539229396848,-2.0256610146630414,2.9201444543208528e-09,-4.898836432869647,0.0
0.19596539229396848,-2.019389618332815,3.531027583781918e-09,-4.898836418662812,0.0
0.19596539229396848,-2.013118222002589,4.265509231055833e-09,-4.898836403199441,0.0
0.19596539229396848,-2.006846825672363,5.147705151709388e-09,-4.898836386368399,0.0
0.19596539229396848,-2.0005754293421365,6.206252524770349e-09,-4.898836368048721,0.0
0.19596539229396848,-1.9943040330119106,7.475120930111434e-09,-4.898836348108742,0.0
0.19596539229396848,-1.9880326366816845,8.994561691098309e-09,-4.8988363264051555,0.0
0.19596539229396848,-1.9817612403514584,1.0812217868490212e-08,-4.898836302781977,0.0
0.19596539229396848,-1.9754898440212323,1.298442054434611e-08,-4.898836277069425,0.0
0.19596539229396848,-1.9692184476910062,1.5577700851105203e-08,-4.898836249082705,0.0
0.19596539229396848,-1.9629470513607798,1.867055153849454e-08,-4.898836218620675,0.0
0.19596539229396848,-1.9566756550305537,2.2355476792891707e-08,-4.898836185464405,0.0
0.19596539229396848,-1.9504042587003276,2.674137460019762e-08,-4.898836149375599,0.0
0.19596539229396848,-1.9441328623701015,3.1956302251076926e-08,-4.898836110094889,0.0
0.19596539229396848,-1.9378614660398754,3.815068271103826e-08,-4.898836067339961,0.0
0.19596539229396848,-1.9315900697096493,4.550101760962473e-08,-4.898836020803538,0.0
0.19596539229396848,-1.9253186733794232,5.4214181643815396e-08,-4.898835970151161,0.0
0.19596539229396848,-1.919047277049197,6.453238335035413e-08,-4.89883591501879,0.0
0.19596539229396848,-1.912775880718971,7.673888859924987e-08,-4.89883585501019,0.0
0.19596539229396848,-1.9065044843887446,9.116461592503971e-08,-4.898835789694077,0.0
0.19596539229396848,-1.9002330880585185,1.0819572708260284e-07,-4.898835718601026,0.0
0.19596539229396848,-1.8939616917282924,1.2828235213990082e-07,-4.898835641220088,0.0
0.19596539229396848,-1.8876902953980663,1.519486061610962e-07,-4.8988355569951265,0.0
0.19596539229396848,-1.8814188990678402,1.7980407426116746e-07,-4.898835465320817,0.0
0.19596539229396848,-1.875147502737614,2.1255696370912366e-07,-4.898835365538294,0.0
0.19596539229396848,-1.868876106407388,2.5102914601385684e-07,-4.898835256930422,0.0
0.19596539229396848,-1.8626047100771619,2.961733387475482e-07,-4.898835138716633,0.0
0.19596539229396848,-1.8563333137469358,3.4909270645935526e-07,-4.898835010047326,0.0
0.19596539229396848,-1.8500619174167094,4.1106319262927524e-07,-4.898834869997751,0.0
0.19596539229396848,-1.8437905210864833,4.835589304392686e-07,-4.898834717561374,0.0
0.19596539229396848,-1.8375191247562572,5.682811194341375e-07,-4.898834551642632,0.0
0.19596539229396848,-1.8312477284260311,6.671907981517432e-07,-4.898834371049068,0.0
0.19596539229396848,-1.824976332095805,7.825459897690527e-07,-4.898834174482753,0.0
0.19596539229396848,-1.818704935765579,9.169437489861912e-07,-4.898833960530965,0.0
0.19596539229396848,-1.8124335394353528,1.0733676940039388e-06,-4.898833727656032,0.0
0.19596539229396848,-1.8061621431051267,1.2552416677853814e-06,-4.89883347418428,0.0
0.19596539229396848,-1.7998907467749006,1.4664902380666994e-06,-4.8988331982940085,0.0
0.19596539229396848,-1.7936193504446742,1.7116068160207409e-06,-4.898832898002392,0.0
0.19596539229396848,-1.7873479541144481,1.995730249289161e-06,-4.898832571151236,0.0
0.19596539229396848,-1.781076557784222,2.3247308264725116e-06,-4.898832215391459,0.0
0.19596539229396848,-1.774805161453996,2.705306717262347e-06,-4.898831828166218,0.0
0.19596539229396848,-1.7685337651237698,3.1450919653427097e-06,-4.898831406692524,0.0
0.19596539229396848,-1.7622623687935437,3.6527772500650532e-06,-4.898830947941246,0.0
0.19596539229396848,-1.7559909724633176,4.238244737748337e-06,-4.898830448615341,0.0
0.19596539229396848,-1.7497195761330915,4.912718454253569e-06,-4.8988299051261555,0.0
0.19596539229396848,-1.7434481798028652,5.688931727143728e-06,-4.898829313567637,0.0
0.19596539229396848,-1.737176783472639,6.581313368101958e-06,-4.898828669688257,0.0
0.19596539229396848,-1.730905387142413,7.606194394094695e-06,-4.89882796886046,0.0
0.19596539229396848,-1.7246339908121868,8.78203721868317e-06,-4.898827206047405,0.0
0.19596539229396848,-1.7183625944819607,1.0129689382452745e-05,-4.898826375766761,0.0
0.19596539229396848,-1.7120911981517346,1.1672664033164575e-05,-4.898825472051316,0.0
0.19596539229396848,-1.7058198018215085,1.3437449511229338e-05,-4.89882448840608,0.0
0.19596539229396848,-1.6995484054912824,1.545385054360059e-05,-4.898823417761611,0.0
0.19596539229396848,-1.6932770091610563,1.7755363698168443e-05,-4.898822252423212,0.0
0.19596539229396848,-1.68700561283083,2.0379589900019195e-05,-4.898820984015621,0.0
0.19596539229396848,-1.6807342165006038,2.3368686959137325e-05,-4.898819603422827,0.0
0.19596539229396848,-1.6744628201703777,2.6769865204702927e-05,-4.898818100722551,0.0
0.19596539229396848,-1.6681914238401516,3.0635929462296124e-05,-4.898816465114933,0.0
0.19596539229396848,-1.6619200275099255,3.502587074508344e-05,-4.898814684844924,0.0
0.19596539229396848,-1.6556486311796994,4.000551115619771e-05,-4.898812747117796,0.0
0.19596539229396848,-1.6493772348494733,4.564820561458874e-05,-4.89881063800719,0.0
0.19596539229396848,-1.6431058385192472,5.203560411792573e-05,-4.898808342355036,0.0
0.19596539229396848,-1.636834442189021,5.925847834073051e-05,-4.8988058436626085,0.0
0.19596539229396848,-1.6305630458587947,6.741761643064432e-05,-4.898803123971959,0.0
0.19596539229396848,-1.6242916495285686,7.66247899071403e-05,-4.898800163736855,0.0
0.19596539229396848,-1.6180202531983425,8.700379658145864e-05,-4.898796941682306,0.0
0.19596539229396848,-1.6117488568681164,9.869158340011513e-05,-4.8987934346516715,0.0
0.19596539229396848,-1.6054774605378903,0.00011183945306298826,-4.898789617440238,0.0
0.19596539229396848,-1.5992060642076642,0.00012661435817634732,-4.898785462614086,0.0
0.19596539229396848,-1.592934667877438,0.0001432002865668068,-4.898780940312928,0.0
0.19596539229396848,-1.586663271547212,0.00016179974119945095,-4.898776018035527,0.001502202390819552
0.19596539229396848,-1.5803918752169859,0.00018263531790749376,-4.8987706604061145,0.0
0.19596539229396848,-1.5741204788867595,0.00020595138384704988,-4.898764828920176,0.0
0.19596539229396848,-1.5678490825565334,0.00023201585923399626,-4.898758481667732,0.0
0.19596539229396848,-1.5615776862263073,0.0002611221044957351,-4.8987515730321665,0.0
0.19596539229396848,-1.5553062898960812,0.00029359091447408694,-4.898744053362407,0.0
0.19596539229396848,-1.549034893565855,0.0003297726207420776,-4.898735868616124,0.0
0.19596539229396848,-1.542763497235629,0.0003700493024425164,-4.898726959971376,0.0
0.19596539229396848,-1.536492100905403,0.0004148371053160063,-4.898717263403907,0.0
0.19596539229396848,-1.5302207045751768,0.0004645886677566175,-4.8987067092270715,0.0
0.19596539229396848,-1.5239493082449507,0.0005197956518116673,-4.898695221591072,0.0
0.19596539229396848,-1.5176779119147243,0.0005809913760252106,-4.898682717937914,0.0
0.19596539229396848,-1.5114065155844982,0.0006487535459109208,-4.898669108408179,0.0
0.19596539229396848,-1.5051351192542721,0.0007237070766278626,-4.898654295195321,0.0016197764434558043
0.19596539229396848,-1.498863722924046,0.000806527001121672,-4.898638171842887,0.0
0.19596539229396848,-1.49259232659382,0.0008979414555847708,-4.898620622479593,0.0
0.19596539229396848,-1.4863209302635938,0.0009987347325838558,-4.898601520986774,0.0016500810084027937
0.19596539229396848,-1.4800495339333677,0.001109750390604184,-4.89858073009221,0.0
0.19596539229396848,-1.4737781376031416,0.0012318944070721127,-4.898558100383859,0.0016743413968770863
0.19596539229396848,-1.4675067412729155,0.001366138360145858,-4.89853346923638,0.0
0.19596539229396848,-1.4612353449426891,0.0015135226227163561,-4.898506659642768,0.0016948063357739831
0.19596539229396848,-1.454963948612463,0.0016751595501443986,-4.898477478942696,0.0
0.19596539229396848,-1.448692552282237,0.0018522366412873528,-4.898445717438456,0.0
0.19596539229396848,-1.4424211559520108,0.0020460196503504697,-4.8984111468885585,0.0
0.19596539229396848,-1.4361497596217847,0.002257855625048805,-4.898373518868188,0.001742918027260446
0.19596539229396848,-1.4298783632915586,0.002489175844501118,-4.898332562984747,0.001756106234584194
0.19596539229396848,-1.4236069669613325,0.002741498628214983,-4.8982879849357115,0.001768311431359172
0.19596539229396848,-1.4173355706311064,0.003016431985482025,-4.8982394643948455,0.0017796945941248301
0.19596539229396848,-1.41106417430088,0.0033156760725051183,-4.898186652711652,0.0
0.19596539229396848,-1.404792777970654,0.0036410254226485186,-4.898129170407542,0.001810017037241724
0.19596539229396848,-1.3985213816404278,0.003994370913362645,-4.898066604450815,0.0
0.19596539229396848,-1.3922499853102017,0.004377701431612649,-4.897998505290903,0.0018361077618460437
0.19596539229396848,-1.3859785889799756,0.004793105198063955,-4.897924383630664,0.0018517732685681037
0.19596539229396848,-1.3797071926497495,0.005242770708875622,-4.897843706913599,0.0018663400956248134
0.19596539229396848,-1.3734357963195234,0.005728987252755457,-4.897755895500879,0.0018799828668521251
0.19596539229396848,-1.3671643999892973,0.006254144959969729,-4.897660318510811,0.0018990007915390622
0.19596539229396848,-1.3608930036590712,0.006820734339306712,-4.8975562892910185,0.0019108620534606555
0.19596539229396848,-1.3546216073288448,0.007431345258599589,-4.897443060490962,0.0019276210836279644
0.19596539229396848,-1.3483502109986187,0.008088665324351632,-4.8973198186995965,0.0019433184584408878
0.19596539229396848,-1.3420788146683926,0.008795477616307844,-4.897185678609914,0.003920975013619734
0.19596539229396848,-1.3358074183381665,0.009554657733510583,-4.897039676668689,0.003957718712798444
0.19596539229396848,-1.3295360220079404,0.010369170109495491,-4.896880764166179,0.003992182389570181
0.19596539229396848,-1.3232646256777143,0.011242063555851724,-4.896707799716537,0.004024702914536472
0.19596539229396848,-1.3169932293474882,0.012176465995416375,-4.89651954107538,0.004063018677807338
0.19596539229396848,-1.310721833017262,0.01317557834891788,-4.896314636236316,0.004099112174421644
0.19596539229396848,-1.304450436687036,0.014242667541948431,-4.896091613743148,0.00620491139062651
0.19596539229396848,-1.2981790403568096,0.015381058602746753,-4.89584887214895,0.006262917092384151
0.19596539229396848,-1.2919076440265835,0.016594125825422513,-4.895584668547273,0.006317886026585638
0.19596539229396848,-1.2856362476963574,0.017885282977961364,-4.895297106094201,0.008510544459536501
0.19596539229396848,-1.2793648513661313,0.0192579725396147,-4.894984120432991,0.006444454483406188
0.19596539229396848,-1.2730934550359052,0.02071565395810281,-4.894643464925363,0.008670583999781477
0.19596539229396848,-1.266822058705679,0.0222617909234319,-4.894272694585262,0.008759563588213502
0.19596539229396848,-1.260550662375453,0.023899837662032106,-4.893869148601912,0.011060916308757128
0.19596539229396848,-1.2542792660452269,0.025633224262342543,-4.893429931329317,0.01117258878247964
0.19596539229396848,-1.2480078697150008,0.027465341050875062,-4.892951891608808,0.013541249762458525
0.19596539229396848,-1.2417364733847744,0.029399522046142868,-4.8924316002798625,0.011401270905360144
0.19596539229396848,-1.2354650770545483,0.031439027526603415,-4.891865325722119,0.013827035484945726
0.19596539229396848,-1.2291936807243222,0.033587025757889154,-4.891249007258187,0.01629395784584449
0.19596539229396848,-1.2229222843940961,0.03584657393402187,-4.890578226232478,0.01882779704863817
0.19596539229396848,-1.21665088806387,0.03822059839697401,-4.889848174565738,0.01903196422223497
0.19596539229396848,-1.2103794917336437,0.04071187420877136,-4.889053620568233,0.02163869190250525
0.19596539229396848,-1.2041080954034178,0.04332300416025623,-4.888188871776469,0.021878647411067355
0.19596539229396848,-1.1978366990731915,0.046056397310566564,-4.887247734558876,0.02458829295807801
0.19596539229396848,-1.1915653027429656,0.048914247161232355,-4.886223470214991,0.024863625278852736
0.19596539229396848,-1.1852939064127392,0.05189850957847977,-4.885108747270173,0.03017144614348114
0.19596539229396848,-1.1790225100825134,0.055010880586725326,-4.883895589643808,0.030526893574747742
0.19596539229396848,-1.172751113752287,0.0582527741652872,-4.882575320343072,0.033450867203212706
0.19596539229396848,-1.1664797174220611,0.06162530018887595,-4.881138500306734,0.03645466341279583
0.19596539229396848,-1.1602083210918348,0.06512924266040497,-4.879574861993936,0.039523007006368
0.19596539229396848,-1.1539369247616085,0.06876503839191588,-4.877873237281456,0.04265652952379148
0.19596539229396848,-1.1476655284313826,0.07253275629589395,-4.876021479199541,0.0458749949828026
0.19596539229396848,-1.1413941321011563,0.0764320774548027,-4.874006377000933,0.049180719276264405
0.19596539229396848,-1.1351227357709304,0.08046227614121668,-4.871813564020296,0.05255578213445396
0.19596539229396848,-1.128851339440704,0.08462220196438355,-4.869427417741748,0.05881169661136046
0.19596539229396848,-1.1225799431104782,0.08891026332127304,-4.866830951450863,0.062405999980701045
0.19596539229396848,-1.1163085467802518,0.09332441233113953,-4.8640056968042344,0.06607373677552342
0.19596539229396848,-1.110037150450026,0.09786213143219108,-4.860931576604843,0.07276047508185306
0.19596539229396848,-1.1037657541197996,0.10252042181712356,-4.857586767025163,0.07959898702661021
0.19596539229396848,-1.0974943577895733,0.10729579388090821,-4.853947548472509,0.08364286074329015
0.19596539229396848,-1.0912229614593474,0.11218425984934348,-4.8499881442430945,0.0908061390741851
0.19596539229396848,-1.084951565129121,0.1171813287503924,-4.845680546063072,0.09815788498246764
0.19596539229396848,-1.0786801687988952,0.12228200388224762,-4.840994325567335,0.10260836877834809
0.19596539229396848,-1.0724087724686688,0.1274807829223851,-4.8358964307208145,0.11347718194859312
0.19596539229396848,-1.066137376138443,0.13277166081055344,-4.83035096614374,0.11824567795980587
0.19596539229396848,-1.0598659798082166,0.13814813552579042,-4.824318956263054,0.1296157389858531
0.19596539229396848,-1.0535945834779907,0.14360321686311564,-4.817758090178784,0.13802201686827964
0.19596539229396848,-1.0473231871477644,0.1491294382996641,-4.810622447108639,0.14665002772571903
0.19596539229396848,-1.041051790817538,0.15471887202267678,-4.802862201259096,0.155505305141891
0.19596539229396848,-1.0347803944873122,0.160363147173134,-4.794423304969677,0.1646302283630613
0.19596539229396848,-1.0285089981570859,0.16605347133892223,-4.785247148992878,0.17745669600608507
0.19596539229396848,-1.02223760182686,0.17178065531043968,-4.775270198809467,0.18711993182315784
0.19596539229396848,-1.0159662054966336,0.17753514108959784,-4.764423605943041,0.2006403045142497
0.19596539229396848,-1.0096948091664077,0.18330703312036636,-4.752632793334823,0.2109136826684879
0.19596539229396848,-1.0034234128361814,0.18908613268557645,-4.739817013977028,0.22517004797336337
0.19596539229396848,-0.9971520165059555,0.19486197539072206,-4.725888882189342,0.2398158713839029
0.19596539229396848,-0.9908806201757292,0.20062387163125414,-4.71075387716778,0.25486100249575044
0.19596539229396848,-0.9846092238455029,0.2063609499154452,-4.694309818750405,0.27036495750045897
0.19596539229396848,-0.978337827515277,0.21206220289059924,-4.676446315743014,0.28629216882993763
0.19596539229396848,-0.9720664311850507,0.21771653589631812,-4.657044187645567,0.3026531718362979
0.19596539229396848,-0.9657950348548248,0.2233128178449561,-4.635974861234337,0.3235301598865088
0.19596539229396848,-0.9595236385245984,0.22883993420651524,-4.613099744205331,0.34091170170508944
0.19596539229396848,-0.9532522421943725,0.23428684185319795,-4.58826957899414,0.3587642082250265
0.19596539229396848,-0.9469808458641462,0.2396426254979362,-4.5613237809810645,0.3770987011651183
0.19596539229396848,-0.9407094495339199,0.24489655544154523,-4.532089766596171,0.4002613350853465
0.19596539229396848,-0.934438053203694,0.2500381463250009,-4.500382278387281,0.41966111476425744
0.19596539229396848,-0.9281666568734677,0.2550572165668006,-4.466002715938228,0.43964335764090234
0.19596539229396848,-0.9218952605432418,0.2599439481506669,-4.4287384836599495,0.46463167896423563
0.19596539229396848,-0.9156238642130154,0.26468894641612967,-4.388362368960146,0.4902999349441164
0.19596539229396848,-0.9093524678827896,0.2692832994938945,-4.344631967165728,0.516660517777996
0.19596539229396848,-0.9030810715525632,0.27371863701954685,-4.297289172862226,0.5389588606485302
0.19596539229396848,-0.8968096752223373,0.2779871877530977,-4.2460597610601525,0.5666615027002009
0.19596539229396848,-0.890538278892111,0.28208183572831136,-4.1906530858273925,0.5901680372345139
0.19596539229396848,-0.8842668825618847,0.28599617455465437,-4.130761928759542,0.6141666890075544
0.19596539229396848,-0.8779954862316588,0.2897245594962067,-4.0660625349016755,0.6438089691015383
0.19596539229396848,-0.8717240899014325,0.2932621569559311,-3.9962148794733836,0.6740938145217404
0.19596539229396848,-0.8654526935712066,0.29660499100036747,-3.9208632149445197,0.7050137922009745
0.19596539229396848,-0.8591812972409802,0.2997499865690749,-3.8396369545883906,0.7313417046796473
0.19596539229396848,-0.8529099009107544,0.3026950090249388,-3.75215195548458,0.7582165213916895
0.19596539229396848,-0.846638504580528,0.30543889971577615,-3.6580122708792966,0.7909029821192434
0.19596539229396848,-0.8403671082503021,0.30798150723438933,-3.5568124485934836,0.8187116739485716
0.19596539229396848,-0.8340957119200758,0.31032371408329834,-3.4481404584670363,0.8469078973042063
0.19596539229396848,-0.8278243155898495,0.3124674584716629,-3.3315813372126537,0.8754570247998951
0.19596539229396848,-0.8215529192596236,0.31441575099530966,-3.206721642977899,0.9099946786595947
0.19596539229396848,-0.8152815229293973,0.3161726859761284,-3.073154813704717,0.939193294077277
0.19596539229396848,-0.8090101265991714,0.3177434472642641,-2.930487522214993,0.9685059053715462
0.19596539229396848,-0.802738730268945,0.319134308335335,-2.77834711587768,0.9979609877792195
0.19596539229396848,-0.7964673339387192,0.3203526265451657,-2.616390218627519,1.021432375460126
0.19596539229396848,-0.7901959376084928,0.32140683143607013,-2.4443125567824935,1.0507897439317433
0.19596539229396848,-0.7839245412782669,0.3223064070213389,-2.261860046241977,1.0738673366217717
0.19596539229396848,-0.7776531449480406,0.3230618680081018,-2.0688411459061213,1.0966214866447885
0.19596539229396848,-0.7713817486178143,0.32368472995292696,-1.86514043927867,1.1250881132465829
0.19596539229396848,-0.7651103522875884,0.3241874733791974,-1.6507333521261565,1.1405253669507094
0.19596539229396848,-0.7588389559573621,0.3245835019202579,-1.4257018480543138,1.1614683004845556
0.19596539229396848,-0.7525675596271362,0.3248870945873512,-1.1902508657709008,1.181642352039948
0.19596539229396848,-0.7462961632969098,0.3251133522962593,-0.9447251722721923,1.1944618043789796
0.19596539229396848,-0.740024766966684,0.3252781388211476,-0.689626206917055,1.2061000913131625
0.19596539229396848,-0.7337533706364576,0.32539801637815785,-0.4256283853503382,1.2165266423605057
0.19596539229396848,-0.7274819743062317,0.325490176074661,-0.1535942240853032,1.2255875298561294
0.19596539229396848,-0.7212105779760054,0.32557236349254504,0.1254124574472276,1.220195902749456
0.19596539229396848,-0.7149391816457791,0.32566279970533335,0.4101160923367695,1.2262073283528372
0.19596539229396848,-0.7086677853155532,0.32578009805911984,0.699022583854642,1.2240693466156227
0.19596539229396848,-0.7023963889853269,0.32594317707612075,0.9904171268354516,1.2137314810037378
0.19596539229396848,-0.696124992655101,0.3261711698669289,1.2823675663263698,1.2081064170947278
0.19596539229396848,-0.6898535963248746,0.32648333046316963,1.5727341630162808,1.1942506754028959
0.19596539229396848,-0.6835821999946488,0.3268989375060688,1.8591865050296312,1.1786394850632302
0.19596539229396848,-0.6773108036644224,0.32743719574832725,2.139228103134627,1.16120477417973
0.19596539229396848,-0.6710394073341965,0.3281171358465333,2.41022892924755,1.1420486498981108
0.19596539229396848,-0.6647680110039702,0.3289575129390303,2.6694658105435023,1.1150487253831678
0.19596539229396848,-0.6584966146737439,0.329976704519584,2.914170185181412,1.080537164338629
0.19596539229396848,-0.652225218343518,0.3311926081302742,3.1415822803552946,1.050796938640981
0.19596539229396848,-0.6459538220132917,0.3326225394076765,3.349010316598675,1.0199073001219459
0.19596539229396848,-0.6396824256830658,0.3342831310245218,3.533892907923056,0.9820935140443284
0.19596539229396848,-0.6334110293528394,0.3361902330745591,3.6938624532981876,0.9435405887944046
0.19596539229396848,-0.6271396330226136,0.3383588154512151,3.826807039376862,0.9099740012697439
0.19596539229396848,-0.6208682366923872,0.34080287277080906,3.9309282315262544,0.865177312614797
0.19596539229396848,-0.6145968403621613,0.34353533238845724,4.00479214606633,0.8256214549990735
0.19596539229396848,-0.608325444031935,0.34656796604938483,4.047371384650797,0.7861538051984001
0.19596539229396848,-0.6020540477017087,0.3499113057100617,4.058075770164616,0.7469857818697209
0.19596539229396848,-0.5957826513714828,0.3535745640524267,4.03677033407071,0.7035480841732616
0.19596539229396848,-0.5895112550412565,0.3575655602003834,3.9837796339187608,0.6654190999520803
0.19596539229396848,-0.5832398587110306,0.3618906511307625,3.899878180218979,0.6194570989460659
0.19596539229396848,-0.5769684623808042,0.3665546692510583,3.786267469730255,0.583452867115859
0.19596539229396848,-0.5706970660505783,0.3715608665934243,3.644540801149078,0.5485108998696928
0.19596539229396848,-0.564425669720352,0.3769108660487595,3.476637637230219,0.5108310767088066
0.19596539229396848,-0.5581542733901261,0.38260462003617324,3.284789732402428,0.47857223881387756
0.19596539229396848,-0.5518828770598998,0.38864037697184606,3.071461538849949,0.4441093664004917
0.19596539229396848,-0.5456114807296735,0.39501465586726714,2.8392875249135523,0.41132854912498784
0.19596539229396848,-0.5393400843994476,0.4017222293502193,2.5910089918856074,0.3835913070720912
0.19596539229396848,-0.5330686880692213,0.40875611536271866,2.3294127775594196,0.3542731333669011
0.19596539229396848,-0.5267972917389954,0.41610757774858026,2.057273916911809,0.332669890715974
0.19596539229396848,-0.520525895408769,0.4237661358995173,1.7773039283812542,0.3066259991745472
0.19596539229396848,-0.5142544990785431,0.43171958358280765,1.492105946887581,0.28500657533804763
0.19596539229396848,-0.5079831027483168,0.43995401702586096,1.2041374687112427,0.2648565375468275
0.19596539229396848,-0.5017117064180909,0.4484538722835842,0.9156810402978903,0.24859149595991006
0.19596539229396848,-0.4954403100878646,0.4572019718636506,0.6288228375759484,0.23349985160143988
0.19596539229396848,-0.48916891375763827,0.4661795805327196,0.3454387610774036,0.21949384545639944
0.19596539229396848,-0.4828975174274124,0.47536647017378064,0.06718742371807417,0.2043628967417996
0.19596539229396848,-0.47662612109718605,0.4847409935112505,-0.20449076582847925,0.19463321188891414
0.19596539229396848,-0.47035472476696016,0.4942801664666443,-0.46836932466990067,0.18573749178823787
0.19596539229396848,-0.46408332843673383,0.5039597588538993,-0.7234271637133936,0.17561786305457946
0.19596539229396848,-0.45781193210650795,0.5137543930700174,-0.9688367329870562,0.1682776426098467
0.19596539229396848,-0.4515405357762816,0.5236376503841123,-1.203949724178904,0.16162313054108798
0.19596539229396848,-0.44526913944605573,0.533582184376407,-1.4282811307658374,0.15561564182215668
0.19596539229396848,-0.4389977431158294,0.5435598410287644,-1.6414923685348601,0.15197516689128351
0.19596539229396848,-0.43272634678560307,0.5535417849201768,-1.8433740528313165,0.14710682263137906
0.19596539229396848,-0.4264549504553772,0.5634986309348279,-2.033828920913634,0.14617048989621473
0.19596539229396848,-0.42018355412515085,0.5734005808471027,-2.2128552839737363,0.1422761644398528
0.19596539229396848,-0.41391215779492496,0.5832175641077337,-2.380531297652459,0.1421523662111
0.19596539229396848,-0.40764076146469863,0.5929193821184822,-2.5370002547217583,0.14239051000529673
0.19596539229396848,-0.40136936513447274,0.6024758552496301,-2.682457030282345,0.14298090028293553
0.19596539229396848,-0.3950979688042464,0.6118569718255699,-2.817135748650565,0.1422974863468207
0.19596539229396848,-0.3888265724740205,0.6210330382790675,-2.9412986916908945,0.14356615236996617
0.19596539229396848,-0.3825551761437942,0.6299748296547868,-3.0552264298302507,0.14676377938027219
0.19596539229396848,-0.37628377981356786,0.6386537396274843,-3.1592091282153456,0.1486566591393085
0.19596539229396848,-0.370012383483342,0.6470419291902844,-3.253538960159053,0.1508474741303052
0.19596539229396848,-0.36374098715311565,0.6551124731636787,-3.338503546850551,0.1549563693167008
0.19596539229396848,-0.35746959082288976,0.6628395036765649,-3.414380335016874,0.1593631952503583
0.19596539229396848,-0.35119819449266343,0.6701983497768689,-3.4814318216630293,0.1640642871499828
0.19596539229396848,-0.34492679816243754,0.6771656723410334,-3.539901536159659,0.16905579059592746
0.19596539229396848,-0.3386554018322112,0.683719593469058,-3.5900106939148966,0.1743263819898167
0.19596539229396848,-0.3323840055019853,0.6898398195746523,-3.6319554419285214,0.1798854578490185
0.19596539229396848,-0.326112609171759,0.6955077574084735,-3.665904624091575,0.18570441981872635
0.19596539229396848,-0.31984121284153266,0.7007066222860947,-3.691998002697972,0.1917928888214421
0.19596539229396848,-0.3135698165113068,0.7054215378312403,-3.7103448819242395,0.19991531716654104
0.19596539229396848,-0.30729842018108044,0.7096396265885999,-3.7210230887510383,0.20653021815869269
0.19596539229396848,-0.30102702385085456,0.7133500909089906,-3.7240782767666305,0.21521748006372782
0.19596539229396848,-0.2947556275206282,0.7165442835624614,-3.7195235283909183,0.22417869767579335
0.19596539229396848,-0.28848423119040234,0.7192157675917367,-3.7073392412187847,0.23151257667715153
0.19596539229396848,-0.282212834860176,0.7213603649788607,-3.687473294366014,0.2390392688323136
0.19596539229396848,-0.2759414385299497,0.7229761937615411,-3.6598415008908423,0.24673066634119745
0.19596539229396848,-0.2696700421997238,0.7240636933021399,-3.6243283625457474,0.25459579629516466
0.19596539229396848,-0.26339864586949746,0.7246256374809599,-3.580788153265943,0.2646025605487781
0.19596539229396848,-0.2571272495392716,0.724667135656034,-3.529046367880438,0.2706761264390141
0.19596539229396848,-0.25085585320904524,0.7241956213034683,-3.468901582460367,0.2788586353104673
0.19596539229396848,-0.24458445687881936,0.7232208283250476,-3.400127782370194,0.28709612576311816
0.19596539229396848,-0.23831306054859303,0.7217547550827558,-3.322477223266426,0.29534443430535967
0.19596539229396848,-0.23204166421836714,0.7198116162925741,-3.2356838987218612,0.3014079353540997
0.19596539229396848,-0.2257702678881408,0.7174077829818951,-3.139467695466954,0.30735656006416046
0.19596539229396848,-0.21949887155791448,0.7145617107856275,-3.033539322946949,0.31537979618116485
0.19596539229396848,-0.2132274752276886,0.7112938569250655,-2.9176061073755157,0.3210062905031731
0.19596539229396848,-0.20695607889746226,0.7076265862804195,-2.7913787409649236,0.32412089517034076
0.19596539229396848,-0.20068468256723637,0.7035840670320729,-2.6545790736226023,0.32690795943338974
0.19596539229396848,-0.19441328623701004,0.6991921564067415,-2.5069490260730127,0.32931384701773087
0.19596539229396848,-0.18814188990678415,0.6944782771223983,-2.3482606889131694,0.33361341280438367
0.19596539229396848,-0.18187049357655782,0.6894712851796719,-2.1783276502618416,0.3328044068935935
0.19596539229396848,-0.17559909724633194,0.6842013296971913,-1.99701756410299,0.3337880433639635
0.19596539229396848,-0.1693277009161056,0.6786997055336699,-1.8042659308797642,0.33185474731711495
0.19596539229396848,-0.16305630458587927,0.6729986994802232,-1.6000910102622636,0.3269580668788898
0.19596539229396848,-0.1567849082556534,0.6671314308422138,-1.3846097225002645,0.32373255674419316
0.19596539229396848,-0.15051351192542706,0.6611316872607386,-1.1580543191124113,0.31980737438026374
0.19596539229396848,-0.14424211559520117,0.6550337566495028,-0.9207895163289067,0.31054077712507605
0.19596539229396848,-0.13797071926497484,0.6488722561432232,-0.6733296871738119,0.30058792320819805
0.19596539229396848,-0.13169932293474895,0.6426819589688355,-0.4163556030949918,0.29220743259334575
0.19596539229396848,-0.12542792660452262,0.6364976201605577,-0.15073010788378133,0.28088215478609135
0.19596539229396848,-0.11915653027429673,0.630353802044428,0.12248799875721492,0.26674196840479764
0.19596539229396848,-0.1128851339440704,0.6242847004172053,0.40203268549723065,0.25207294917008144
0.19596539229396848,-0.10661373761384407,0.6183239723387313,0.6864229138906749,0.23695915719729208
0.19596539229396848,-0.10034234128361819,0.6125045664459738,0.9739592995756146,0.21943495689834816
0.19596539229396848,-0.09407094495339186,0.6068585566812805,1.2627261482483605,0.20366878396147234
0.19596539229396848,-0.08779954862316597,0.6014169803069345,1.5505997521752823,0.1839934512484574
0.19596539229396848,-0.08152815229293964,0.5962096810531643,1.8352637164880636,0.16454248534120702
0.19596539229396848,-0.07525675596271375,0.5912651582175097,2.114231896364417,0.14546807531641676
0.19596539229396848,-0.06898535963248742,0.5866104225000955,2.384879263373387,0.12692838006329998
0.19596539229396848,-0.06271396330226153,0.5822708593221817,2.644480684666717,0.10763168273511199
0.19596539229396848,-0.0564425669720352,0.5782701003345316,2.8902572024989586,0.09073107243669595
0.19596539229396848,-0.05017117064180887,0.5746299037780099,3.1194289619220195,0.07365196965575661
0.19596539229396848,-0.043899774311582984,0.5713700443115427,3.329273477506748,0.05802085173769975
0.19596539229396848,-0.03762837798135665,0.5685082128725156,3.5171874884371697,0.04303951567222809
0.19596539229396848,-0.031356981651130766,0.5660599270820402,3.680750262631516,0.030083702233496257
0.19596539229396848,-0.025085585320904435,0.5640384526525986,3.817785913110504,0.01991577434995644
0.19596539229396848,-0.01881418899067855,0.5624547361986371,3.9264221190536777,0.011286102368780932
0.19596539229396848,-0.012542792660452218,0.5613173497919962,4.005142627733675,0.005040583524869711
0.19596539229396848,-0.006271396330226331,0.5606324475439094,4.052831067973244,0.0012616977985686485
0.19596539229396848,0.0,0.5604037344339367,4.068803932249802,-2.784093744290534e-15
0.19596539229396848,0.006271396330226331,0.5606324475439094,4.052831067973247,0.0012616977985678646
0.19596539229396848,0.012542792660452218,0.5613173497919962,4.005142627733675,0.0050405835248688614
0.19596539229396848,0.01881418899067855,0.5624547361986371,3.926422119053679,0.011286102368778968
0.19596539229396848,0.025085585320904435,0.5640384526525986,3.817785913110506,0.019915774349953518
0.19596539229396848,0.031356981651130766,0.5660599270820402,3.680750262631516,0.030083702233493114
0.19596539229396848,0.03762837798135665,0.5685082128725156,3.5171874884371674,0.04303951567222377
0.19596539229396848,0.043899774311582984,0.5713700443115427,3.329273477506748,0.05802085173769502
0.19596539229396848,0.05017117064180887,0.5746299037780099,3.1194289619220195,0.07365196965575181
0.19596539229396848,0.0564425669720352,0.5782701003345316,2.890257202498961,0.09073107243669022
0.19596539229396848,0.06271396330226153,0.5822708593221817,2.644480684666717,0.10763168273510575
0.19596539229396848,0.06898535963248742,0.5866104225000955,2.3848792633733855,0.12692838006329335
0.19596539229396848,0.07525675596271375,0.5912651582175097,2.114231896364417,0.14546807531640907
0.19596539229396848,0.08152815229293964,0.5962096810531643,1.8352637164880636,0.1645424853411985
0.19596539229396848,0.08779954862316597,0.6014169803069345,1.5505997521752823,0.1839934512484476
0.19596539229396848,0.09407094495339186,0.6068585566812805,1.2627261482483605,0.20366878396146382
0.19596539229396848,0.10034234128361819,0.6125045664459738,0.9739592995756146,0.21943495689834022
0.19596539229396848,0.10661373761384407,0.6183239723387313,0.686422913890676,0.23695915719728286
0.19596539229396848,0.1128851339440704,0.6242847004172053,0.40203268549723065,0.25207294917007217
0.19596539229396848,0.11915653027429673,0.630353802044428,0.12248799875721492,0.2667419684047883
0.19596539229396848,0.12542792660452262,0.6364976201605577,-0.15073010788378188,0.2808821547860817
0.19596539229396848,0.13169932293474895,0.6426819589688355,-0.4163556030949918,0.29220743259333615
0.19596539229396848,0.13797071926497484,0.6488722561432232,-0.6733296871738108,0.30058792320818767
0.19596539229396848,0.14424211559520117,0.6550337566495028,-0.920789516328905,0.3105407771250641
0.19596539229396848,0.15051351192542706,0.6611316872607386,-1.1580543191124113,0.3198073743802538
0.19596539229396848,0.1567849082556534,0.6671314308422138,-1.3846097225002645,0.3237325567441824
0.19596539229396848,0.16305630458587927,0.6729986994802232,-1.6000910102622632,0.3269580668788809
0.19596539229396848,0.1693277009161056,0.6786997055336699,-1.8042659308797642,0.33185474731710346
0.19596539229396848,0.17559909724633194,0.6842013296971913,-1.99701756410299,0.33378804336395196
0.19596539229396848,0.18187049357655782,0.6894712851796719,-2.1783276502618416,0.3328044068935811
0.19596539229396848,0.18814188990678415,0.6944782771223983,-2.3482606889131694,0.3336134128043737
0.19596539229396848,0.19441328623701004,0.6991921564067415,-2.506949026073013,0.32931384701771976
0.19596539229396848,0.20068468256723637,0.7035840670320729,-2.654579073622602,0.3269079594333783
0.19596539229396848,0.20695607889746226,0.7076265862804195,-2.791378740964923,0.3241208951703306
0.19596539229396848,0.2132274752276886,0.7112938569250655,-2.9176061073755157,0.3210062905031623
0.19596539229396848,0.21949887155791448,0.7145617107856275,-3.033539322946949,0.315379796181155
0.19596539229396848,0.2257702678881408,0.7174077829818951,-3.1394676954669554,0.3073565600641497
0.19596539229396848,0.23204166421836714,0.7198116162925741,-3.2356838987218612,0.3014079353540885
0.19596539229396848,0.23831306054859303,0.7217547550827558,-3.322477223266426,0.2953444343053499
0.19596539229396848,0.24458445687881936,0.7232208283250476,-3.400127782370194,0.2870961257631072
0.19596539229396848,0.25085585320904524,0.7241956213034683,-3.4689015824603677,0.2788586353104582
0.19596539229396848,0.2571272495392716,0.724667135656034,-3.529046367880438,0.270676126439003
0.19596539229396848,0.26339864586949746,0.7246256374809599,-3.580788153265944,0.2646025605487687
0.19596539229396848,0.2696700421997238,0.7240636933021399,-3.6243283625457474,0.25459579629515455
0.19596539229396848,0.2759414385299497,0.7229761937615411,-3.6598415008908423,0.24673066634118804
0.19596539229396848,0.282212834860176,0.7213603649788607,-3.6874732943660153,0.2390392688323038
0.19596539229396848,0.28848423119040234,0.7192157675917367,-3.707339241218784,0.23151257667714267
0.19596539229396848,0.2947556275206282,0.7165442835624614,-3.7195235283909183,0.22417869767578574
0.19596539229396848,0.30102702385085456,0.7133500909089906,-3.7240782767666305,0.21521748006371805
0.19596539229396848,0.30729842018108044,0.7096396265885999,-3.7210230887510387,0.20653021815868494
0.19596539229396848,0.3135698165113068,0.7054215378312403,-3.7103448819242395,0.1999153171665321
0.19596539229396848,0.31984121284153266,0.7007066222860947,-3.691998002697972,0.19179288882143486
0.19596539229396848,0.326112609171759,0.6955077574084735,-3.665904624091575,0.18570441981871877
0.19596539229396848,0.3323840055019853,0.6898398195746523,-3.6319554419285214,0.17988545784900986
0.19596539229396848,0.3386554018322112,0.683719593469058,-3.590010693914896,0.17432638198980918
0.19596539229396848,0.34492679816243754,0.6771656723410334,-3.539901536159659,0.169055790595921
0.19596539229396848,0.35119819449266343,0.6701983497768689,-3.4814318216630293,0.1640642871499778
0.19596539229396848,0.35746959082288976,0.6628395036765649,-3.4143803350168733,0.15936319525035172
0.19596539229396848,0.36374098715311565,0.6551124731636787,-3.338503546850551,0.15495636931669482
0.19596539229396848,0.370012383483342,0.6470419291902844,-3.2535389601590525,0.15084747413029814
0.19596539229396848,0.37628377981356786,0.6386537396274843,-3.1592091282153456,0.14865665913930257
0.19596539229396848,0.3825551761437942,0.6299748296547868,-3.0552264298302507,0.1467637793802677
0.19596539229396848,0.3888265724740205,0.6210330382790675,-2.9412986916908945,0.1435661523699618
0.19596539229396848,0.3950979688042464,0.6118569718255699,-2.817135748650565,0.14229748634681563
0.19596539229396848,0.40136936513447274,0.6024758552496301,-2.682457030282345,0.1429809002829313
0.19596539229396848,0.40764076146469863,0.5929193821184822,-2.5370002547217583,0.14239051000529393
0.19596539229396848,0.41391215779492496,0.5832175641077337,-2.380531297652459,0.14215236621109784
0.19596539229396848,0.42018355412515085,0.5734005808471027,-2.212855283973736,0.14227616443984975
0.19596539229396848,0.4264549504553772,0.5634986309348279,-2.033828920913634,0.1461704898962119
0.19596539229396848,0.43272634678560307,0.5535417849201768,-1.8433740528313158,0.14710682263137492
0.19596539229396848,0.4389977431158294,0.5435598410287644,-1.6414923685348608,0.15197516689127846
0.19596539229396848,0.44526913944605573,0.533582184376407,-1.4282811307658367,0.1556156418221533
0.19596539229396848,0.4515405357762816,0.5236376503841123,-1.2039497241789043,0.1616231305410845
0.19596539229396848,0.45781193210650795,0.5137543930700174,-0.9688367329870567,0.168277642609843
0.19596539229396848,0.46408332843673383,0.5039597588538993,-0.7234271637133924,0.17561786305457572
0.19596539229396848,0.47035472476696016,0.4942801664666443,-0.46836932466990006,0.1857374917882339
0.19596539229396848,0.47662612109718605,0.4847409935112505,-0.20449076582847814,0.1946332118889101
0.19596539229396848,0.4828975174274124,0.47536647017378064,0.06718742371807417,0.20436289674179361
0.19596539229396848,0.48916891375763827,0.4661795805327196,0.3454387610774036,0.21949384545639472
0.19596539229396848,0.4954403100878646,0.4572019718636506,0.6288228375759484,0.23349985160143452
0.19596539229396848,0.5017117064180909,0.4484538722835842,0.9156810402978914,0.2485914959599044
0.19596539229396848,0.5079831027483168,0.43995401702586096,1.2041374687112427,0.2648565375468195
0.19596539229396848,0.5142544990785431,0.43171958358280765,1.492105946887581,0.28500657533804274
0.19596539229396848,0.520525895408769,0.4237661358995173,1.777303928381252,0.30662599917454036
0.19596539229396848,0.5267972917389954,0.41610757774858026,2.057273916911809,0.33266989071596664
0.19596539229396848,0.5330686880692213,0.40875611536271866,2.3294127775594196,0.35427313336689564
0.19596539229396848,0.5393400843994476,0.4017222293502193,2.5910089918856074,0.383591307072083
0.19596539229396848,0.5456114807296735,0.39501465586726714,2.8392875249135536,0.4113285491249795
0.19596539229396848,0.5518828770598998,0.38864037697184606,3.0714615388499475,0.4441093664004831
0.19596539229396848,0.5581542733901261,0.38260462003617324,3.28478973240243,0.4785722388138674
0.19596539229396848,0.564425669720352,0.3769108660487595,3.476637637230219,0.510831076708796
0.19596539229396848,0.5706970660505783,0.3715608665934243,3.644540801149078,0.5485108998696806
0.19596539229396848,0.5769684623808042,0.3665546692510583,3.786267469730254,0.5834528671158493
0.19596539229396848,0.5832398587110306,0.3618906511307625,3.8998781802189777,0.6194570989460566
0.19596539229396848,0.5895112550412565,0.3575655602003834,3.9837796339187617,0.6654190999520666
0.19596539229396848,0.5957826513714828,0.3535745640524267,4.036770334070709,0.7035480841732504
0.19596539229396848,0.6020540477017087,0.3499113057100617,4.058075770164615,0.7469857818697099
0.19596539229396848,0.608325444031935,0.34656796604938483,4.047371384650797,0.7861538051983886
0.19596539229396848,0.6145968403621613,0.34353533238845724,4.00479214606633,0.8256214549990591
0.19596539229396848,0.6208682366923872,0.34080287277080906,3.930928231526253,0.865177312614782
0.19596539229396848,0.6271396330226136,0.3383588154512151,3.8268070393768596,0.909974001269728
0.19596539229396848,0.6334110293528394,0.3361902330745591,3.6938624532981876,0.9435405887943873
0.19596539229396848,0.6396824256830658,0.3342831310245218,3.533892907923056,0.9820935140443132
0.19596539229396848,0.6459538220132917,0.3326225394076765,3.349010316598675,1.0199073001219296
0.19596539229396848,0.652225218343518,0.3311926081302742,3.1415822803552933,1.050796938640962
0.19596539229396848,0.6584966146737439,0.329976704519584,2.9141701851814106,1.080537164338617
0.19596539229396848,0.6647680110039702,0.3289575129390303,2.6694658105435023,1.1150487253831565
0.19596539229396848,0.6710394073341965,0.3281171358465333,2.4102289292475523,1.1420486498980975
0.19596539229396848,0.6773108036644224,0.32743719574832725,2.139228103134627,1.1612047741797167
0.19596539229396848,0.6835821999946488,0.3268989375060688,1.8591865050296323,1.1786394850632131
0.19596539229396848,0.6898535963248746,0.32648333046316963,1.572734163016284,1.1942506754028785
0.19596539229396848,0.696124992655101,0.3261711698669289,1.2823675663263698,1.208106417094709
0.19596539229396848,0.7023963889853269,0.32594317707612075,0.9904171268354516,1.2137314810037203
0.19596539229396848,0.7086677853155532,0.32578009805911984,0.699022583854642,1.2240693466156025
0.19596539229396848,0.7149391816457791,0.32566279970533335,0.4101160923367695,1.2262073283528223
0.19596539229396848,0.7212105779760054,0.32557236349254504,0.12541245744722646,1.2201959027494378
0.19596539229396848,0.7274819743062317,0.325490176074661,-0.1535942240853032,1.2255875298561103
0.19596539229396848,0.7337533706364576,0.32539801637815785,-0.4256283853503382,1.2165266423604881
0.19596539229396848,0.740024766966684,0.3252781388211476,-0.6896262069170539,1.206100091313145
0.19596539229396848,0.7462961632969098,0.3251133522962593,-0.9447251722721923,1.1944618043789637
0.19596539229396848,0.7525675596271362,0.3248870945873512,-1.1902508657709008,1.1816423520399295
0.19596539229396848,0.7588389559573621,0.3245835019202579,-1.4257018480543133,1.1614683004845374
0.19596539229396848,0.7651103522875884,0.3241874733791974,-1.6507333521261565,1.1405253669506945
0.19596539229396848,0.7713817486178143,0.32368472995292696,-1.8651404392786706,1.1250881132465644
0.19596539229396848,0.7776531449480406,0.3230618680081018,-2.068841145906122,1.0966214866447692
0.19596539229396848,0.7839245412782669,0.3223064070213389,-2.261860046241977,1.0738673366217575
0.19596539229396848,0.7901959376084933,0.32140683143607013,-2.4443125567825055,1.0507897439317244
0.19596539229396848,0.7964673339387187,0.32035262654516583,-2.616390218627508,1.0214323754601085
0.19596539229396848,0.802738730268945,0.319134308335335,-2.77834711587768,0.9979609877792052
0.19596539229396848,0.8090101265991714,0.3177434472642641,-2.930487522214993,0.968505905371526
0.19596539229396848,0.8152815229293977,0.31617268597612824,-3.0731548137047286,0.9391932940772619
0.19596539229396848,0.8215529192596231,0.3144157509953098,-3.2067216429778904,0.9099946786595835
0.19596539229396848,0.8278243155898495,0.3124674584716629,-3.3315813372126546,0.8754570247998849
0.19596539229396848,0.8340957119200758,0.31032371408329834,-3.4481404584670363,0.8469078973041966
0.19596539229396848,0.8403671082503021,0.30798150723438933,-3.5568124485934836,0.8187116739485639
0.19596539229396848,0.8466385045805285,0.305438899715776,-3.6580122708793033,0.7909029821192267
0.19596539229396848,0.8529099009107539,0.302695009024939,-3.7521519554845755,0.7582165213916783
0.19596539229396848,0.8591812972409802,0.2997499865690749,-3.8396369545883906,0.7313417046796374
0.19596539229396848,0.8654526935712066,0.29660499100036747,-3.920863214944519,0.7050137922009636
0.19596539229396848,0.8717240899014329,0.29326215695593083,-3.9962148794733876,0.6740938145217283
0.19596539229396848,0.8779954862316584,0.28972455949620696,-4.066062534901671,0.6438089691015249
0.19596539229396848,0.8842668825618847,0.28599617455465437,-4.130761928759542,0.6141666890075431
0.19596539229396848,0.890538278892111,0.28208183572831136,-4.1906530858273925,0.5901680372345038
0.19596539229396848,0.8968096752223373,0.2779871877530977,-4.2460597610601525,0.5666615027001884
0.19596539229396848,0.9030810715525637,0.2737186370195465,-4.29728917286223,0.5389588606485155
0.19596539229396848,0.9093524678827891,0.26928329949389485,-4.344631967165723,0.5166605177779844
0.19596539229396848,0.9156238642130154,0.26468894641612967,-4.388362368960146,0.49029993494410556
0.19596539229396848,0.9218952605432418,0.2599439481506669,-4.4287384836599495,0.464631678964226
0.19596539229396848,0.9281666568734681,0.25505721656680025,-4.466002715938231,0.4396433576408937
0.19596539229396848,0.9344380532036936,0.2500381463250012,-4.500382278387279,0.4196611147642496
0.19596539229396848,0.9407094495339199,0.24489655544154523,-4.532089766596171,0.4002613350853352
0.19596539229396848,0.9469808458641462,0.2396426254979362,-4.5613237809810645,0.377098701165112
0.19596539229396848,0.9532522421943725,0.23428684185319795,-4.58826957899414,0.358764208225018
0.19596539229396848,0.9595236385245989,0.22883993420651488,-4.613099744205332,0.34091170170507895
0.19596539229396848,0.9657950348548243,0.2233128178449565,-4.635974861234336,0.32353015988649947
0.19596539229396848,0.9720664311850507,0.21771653589631812,-4.657044187645567,0.30265317183628815
0.19596539229396848,0.978337827515277,0.21206220289059924,-4.676446315743014,0.28629216882992875
0.19596539229396848,0.9846092238455033,0.2063609499154448,-4.694309818750406,0.2703649575004524
0.19596539229396848,0.9908806201757288,0.20062387163125459,-4.710753877167779,0.25486100249574273
0.19596539229396848,0.9971520165059551,0.19486197539072245,-4.7258888821893414,0.23981587138389215
0.19596539229396848,1.0034234128361814,0.18908613268557645,-4.739817013977028,0.22517004797335727
0.19596539229396848,1.0096948091664077,0.18330703312036636,-4.752632793334822,0.2109136826684818
0.19596539229396848,1.015966205496634,0.17753514108959748,-4.764423605943042,0.20064030451424358
0.19596539229396848,1.0222376018268595,0.1717806553104401,-4.775270198809466,0.18711993182315287
0.19596539229396848,1.0285089981570859,0.16605347133892223,-4.785247148992878,0.17745669600608174
0.19596539229396848,1.0347803944873122,0.160363147173134,-4.794423304969677,0.16463022836305372
0.19596539229396848,1.0410517908175385,0.15471887202267637,-4.802862201259096,0.15550530514188587
0.19596539229396848,1.047323187147764,0.14912943829966446,-4.8106224471086385,0.14665002772571306
0.19596539229396848,1.0535945834779903,0.14360321686311603,-4.817758090178784,0.13802201686827564
0.19596539229396848,1.0598659798082166,0.13814813552579042,-4.824318956263054,0.12961573898584747
0.19596539229396848,1.066137376138443,0.13277166081055344,-4.83035096614374,0.11824567795979928
0.19596539229396848,1.0724087724686693,0.12748078292238474,-4.835896430720815,0.11347718194858848
0.19596539229396848,1.0786801687988947,0.12228200388224798,-4.840994325567335,0.10260836877834084
0.19596539229396848,1.084951565129121,0.1171813287503924,-4.845680546063072,0.09815788498246364
0.19596539229396848,1.0912229614593474,0.11218425984934348,-4.8499881442430945,0.09080613907418258
0.19596539229396848,1.0974943577895737,0.10729579388090787,-4.853947548472509,0.08364286074328404
0.19596539229396848,1.1037657541197992,0.10252042181712388,-4.857586767025162,0.07959898702660524
0.19596539229396848,1.1100371504500255,0.09786213143219141,-4.860931576604843,0.07276047508184565
0.19596539229396848,1.1163085467802518,0.09332441233113953,-4.8640056968042344,0.06607373677552007
0.19596539229396848,1.1225799431104782,0.08891026332127304,-4.866830951450864,0.06240599998069575
0.19596539229396848,1.1288513394407045,0.08462220196438325,-4.869427417741748,0.058811696611356636
0.19596539229396848,1.13512273577093,0.08046227614121695,-4.871813564020296,0.052555782134451105
0.19596539229396848,1.1413941321011563,0.0764320774548027,-4.874006377000933,0.04918071927625749
0.19596539229396848,1.1476655284313826,0.07253275629589395,-4.876021479199541,0.04587499498279844
0.19596539229396848,1.153936924761609,0.06876503839191561,-4.877873237281456,0.042656529523789934
0.19596539229396848,1.1602083210918344,0.06512924266040523,-4.879574861993936,0.03952300700636337
0.19596539229396848,1.1664797174220607,0.061625300188876186,-4.881138500306734,0.03645466341279217
0.19596539229396848,1.172751113752287,0.0582527741652872,-4.882575320343072,0.03345086720320823
0.19596539229396848,1.1790225100825134,0.055010880586725326,-4.883895589643808,0.0305268935747431
0.19596539229396848,1.1852939064127397,0.05189850957847956,-4.885108747270173,0.030171446143476662
0.19596539229396848,1.1915653027429651,0.04891424716123256,-4.886223470214991,0.0248636252788507
0.19596539229396848,1.1978366990731915,0.046056397310566564,-4.887247734558876,0.024588292958072556
0.19596539229396848,1.2041080954034178,0.04332300416025623,-4.888188871776469,0.02187864741106125
0.19596539229396848,1.2103794917336441,0.040711874208771176,-4.889053620568233,0.02163869190250207
0.19596539229396848,1.2166508880638696,0.0382205983969742,-4.889848174565738,0.0190319642222287
0.19596539229396848,1.222922284394096,0.03584657393402194,-4.890578226232478,0.018827797048636786
0.19596539229396848,1.2291936807243222,0.033587025757889154,-4.891249007258187,0.016293957845837405
0.19596539229396848,1.2354650770545486,0.03143902752660333,-4.891865325722119,0.013827035484943039
0.19596539229396848,1.2417364733847749,0.029399522046142722,-4.8924316002798625,0.011401270905359575
0.19596539229396848,1.2480078697150003,0.027465341050875194,-4.892951891608808,0.013541249762453559
0.19596539229396848,1.2542792660452267,0.02563322426234259,-4.893429931329317,0.011172588782475163
0.19596539229396848,1.260550662375453,0.023899837662032106,-4.893869148601912,0.011060916308754278
0.19596539229396848,1.2668220587056793,0.02226179092343184,-4.894272694585262,0.008759563588207559
0.19596539229396848,1.2730934550359048,0.020715653958102893,-4.894643464925363,0.00867058399978058
0.19596539229396848,1.279364851366131,0.01925797253961476,-4.894984120432991,0.00644445448340692
0.19596539229396848,1.2856362476963574,0.017885282977961364,-4.895297106094201,0.008510544459538374
0.19596539229396848,1.2919076440265838,0.016594125825422475,-4.895584668547273,0.006317886026584905
0.19596539229396848,1.29817904035681,0.01538105860274667,-4.89584887214895,0.006262917092382604
0.19596539229396848,1.3044504366870355,0.014242667541948507,-4.896091613743148,0.006204911390620567
0.19596539229396848,1.3107218330172619,0.013175578348917921,-4.896314636236316,0.004099112174416841
0.19596539229396848,1.3169932293474882,0.012176465995416375,-4.89651954107538,0.004063018677802046
0.19596539229396848,1.3232646256777145,0.0112420635558517,-4.896707799716537,0.004024702914536229
0.19596539229396848,1.3295360220079409,0.01036917010949543,-4.896880764166179,0.003992182389567006
0.19596539229396848,1.3358074183381663,0.009554657733510604,-4.897039676668689,0.003957718712798852
0.19596539229396848,1.3420788146683926,0.008795477616307844,-4.897185678609914,0.003920975013611511
0.19596539229396848,1.348350210998619,0.008088665324351605,-4.8973198186995965,0.0019433184584404808
0.19596539229396848,1.3546216073288453,0.007431345258599542,-4.897443060490962,0.001927621083619579
0.19596539229396848,1.3608930036590707,0.006820734339306756,-4.8975562892910185,0.0019108620534529213
0.19596539229396848,1.367164399989297,0.006254144959969746,-4.897660318510811,0.001899000791535073
0.19596539229396848,1.3734357963195234,0.005728987252755457,-4.897755895500879,0.0018799828668482987
0.19596539229396848,1.3797071926497497,0.005242770708875603,-4.897843706913599,0.0018663400956327105
0.19596539229396848,1.385978588979976,0.004793105198063924,-4.897924383630664,0.001851773268562649
0.19596539229396848,1.3922499853102015,0.004377701431612664,-4.897998505290903,0.001836107761849056
0.19596539229396848,1.3985213816404278,0.003994370913362645,-4.898066604450815,-5.698893128983537e-16
0.19596539229396848,1.4047927779706542,0.0036410254226485086,-4.898129170407542,0.0018100170372463645
0.19596539229396848,1.4110641743008805,0.003315676072505095,-4.898186652711652,-5.698893128983537e-16
0.19596539229396848,1.417335570631106,0.003016431985482046,-4.8982394643948455,0.0017796945941210038
0.19596539229396848,1.4236069669613323,0.002741498628214995,-4.8982879849357115,0.0017683114313546942
0.19596539229396848,1.4298783632915586,0.002489175844501118,-4.898332562984747,0.0017561062345868804
0.19596539229396848,1.436149759621785,0.0022578556250487988,-4.898373518868188,0.0017429180272637839
0.19596539229396848,1.4424211559520113,0.002046019650350455,-4.8984111468885585,-5.698893128983537e-16
0.19596539229396848,1.4486925522822367,0.0018522366412873578,-4.898445717438456,-5.698893128983537e-16
0.19596539229396848,1.454963948612463,0.0016751595501443986,-4.898477478942696,-5.698893128983537e-16
0.19596539229396848,1.4612353449426894,0.0015135226227163494,-4.898506659642768,0.0016948063357528971
0.19596539229396848,1.4675067412729157,0.001366138360145852,-4.89853346923638,-5.698893128983537e-16
0.19596539229396848,1.4737781376031411,0.0012318944070721213,-4.898558100383859,0.001674341396857303
0.19596539229396848,1.4800495339333675,0.0011097503906041869,-4.89858073009221,-5.698893128983537e-16
0.19596539229396848,1.4863209302635938,0.0009987347325838558,-4.898601520986774,0.0016500810083678677
0.19596539229396848,1.4925923265938201,0.0008979414555847661,-4.898620622479593,-5.698893128983537e-16
0.19596539229396848,1.4988637229240465,0.0008065270011216663,-4.898638171842887,-5.698893128983537e-16
0.19596539229396848,1.505135119254272,0.0007237070766278665,-4.898654295195321,0.0016197764433917325
0.19596539229396848,1.5114065155844982,0.0006487535459109208,-4.898669108408179,-5.698893128983537e-16
0.19596539229396848,1.5176779119147246,0.000580991376025209,-4.898682717937914,-5.698893128983537e-16
0.19596539229396848,1.523949308244951,0.0005197956518116655,-4.898695221591072,-5.698893128983537e-16
0.19596539229396848,1.5302207045751763,0.0004645886677566212,-4.8987067092270715,-5.698893128983537e-16
0.19596539229396848,1.5364921009054027,0.00041483710531600845,-4.898717263403907,-5.698893128983537e-16
0.19596539229396848,1.542763497235629,0.0003700493024425164,-4.898726959971376,-5.698893128983537e-16
0.19596539229396848,1.5490348935658553,0.0003297726207420768,-4.898735868616124,-5.698893128983537e-16
0.19596539229396848,1.5553062898960817,0.00029359091447408455,-4.898744053362407,-5.698893128983537e-16
0.19596539229396848,1.561577686226307,0.00026112210449573604,-4.8987515730321665,-5.698893128983537e-16
0.19596539229396848,1.5678490825565334,0.00023201585923399626,-4.898758481667732,-5.698893128983537e-16
0.19596539229396848,1.5741204788867598,0.0002059513838470488,-4.898764828920176,-5.698893128983537e-16
0.19596539229396848,1.580391875216986,0.00018263531790749279,-4.898770660406115,-5.698893128983537e-16
0.19596539229396848,1.5866632715472115,0.00016179974119945222,-4.898776018035527,0.0015022023905470637
0.19596539229396848,1.5929346678774379,0.0001432002865668073,-4.898780940312928,-5.698893128983537e-16
0.19596539229396848,1.5992060642076642,0.00012661435817634732,-4.898785462614086,-5.698893128983537e-16
0.19596539229396848,1.6054774605378905,0.00011183945306298787,-4.898789617440238,-5.698893128983537e-16
0.19596539229396848,1.6117488568681169,9.869158340011407e-05,-4.8987934346516715,-5.698893128983537e-16
0.19596539229396848,1.6180202531983423,8.700379658145895e-05,-4.898796941682306,-5.698893128983537e-16
0.19596539229396848,1.6242916495285686,7.66247899071403e-05,-4.898800163736855,-5.698893128983537e-16
0.19596539229396848,1.630563045858795,6.741761643064384e-05,-4.898803123971959,-5.698893128983537e-16
0.19596539229396848,1.6368344421890213,5.92584783407303e-05,-4.8988058436626085,-5.698893128983537e-16
0.19596539229396848,1.6431058385192467,5.203560411792629e-05,-4.898808342355036,-5.698893128983537e-16
0.19596539229396848,1.649377234849473,4.56482056145889e-05,-4.89881063800719,-5.698893128983537e-16
0.19596539229396848,1.6556486311796994,4.000551115619771e-05,-4.898812747117796,-5.698893128983537e-16
0.19596539229396848,1.6619200275099257,3.5025870745083314e-05,-4.898814684844924,-5.698893128983537e-16
0.19596539229396848,1.668191423840152,3.063592946229574e-05,-4.898816465114933,-5.698893128983537e-16
0.19596539229396848,1.6744628201703775,2.6769865204703022e-05,-4.898818100722551,-5.698893128983537e-16
0.19596539229396848,1.6807342165006038,2.3368686959137325e-05,-4.898819603422827,-5.698893128983537e-16
0.19596539229396848,1.6870056128308302,2.0379589900019124e-05,-4.898820984015621,-5.698893128983537e-16
0.19596539229396848,1.6932770091610565,1.7755363698168345e-05,-4.898822252423212,-5.698893128983537e-16
0.19596539229396848,1.699548405491282,1.5453850543600783e-05,-4.898823417761611,-5.698893128983537e-16
0.19596539229396848,1.7058198018215083,1.3437449511229458e-05,-4.89882448840608,-5.698893128983537e-16
0.19596539229396848,1.7120911981517346,1.1672664033164575e-05,-4.898825472051316,-5.698893128983537e-16
0.19596539229396848,1.718362594481961,1.0129689382452708e-05,-4.898826375766761,-5.698893128983537e-16
0.19596539229396848,1.7246339908121873,8.782037218683107e-06,-4.898827206047405,-5.698893128983537e-16
0.19596539229396848,1.7309053871424127,7.606194394094722e-06,-4.89882796886046,-5.698893128983537e-16
0.19596539229396848,1.737176783472639,6.581313368101958e-06,-4.898828669688257,-5.698893128983537e-16
0.19596539229396848,1.7434481798028654,5.688931727143709e-06,-4.898829313567637,-5.698893128983537e-16
0.19596539229396848,1.7497195761330917,4.912718454253525e-06,-4.8988299051261555,-5.698893128983537e-16
0.19596539229396848,1.7559909724633171,4.238244737748375e-06,-4.898830448615341,-5.698893128983537e-16
0.19596539229396848,1.7622623687935435,3.652777250065066e-06,-4.898830947941246,-5.698893128983537e-16
0.19596539229396848,1.7685337651237698,3.1450919653427097e-06,-4.898831406692524,-5.698893128983537e-16
0.19596539229396848,1.7748051614539961,2.7053067172623323e-06,-4.898831828166218,-5.698893128983537e-16
0.19596539229396848,1.7810765577842225,2.3247308264724912e-06,-4.898832215391459,-5.698893128983537e-16
0.19596539229396848,1.787347954114448,1.9957302492891785e-06,-4.898832571151236,-5.698893128983537e-16
0.19596539229396848,1.7936193504446742,1.7116068160207409e-06,-4.898832898002392,-5.698893128983537e-16
0.19596539229396848,1.7998907467749006,1.4664902380666994e-06,-4.8988331982940085,-5.698893128983537e-16
0.19596539229396848,1.806162143105127,1.2552416677853744e-06,-4.89883347418428,-5.698893128983537e-16
0.19596539229396848,1.8124335394353523,1.0733676940039483e-06,-4.898833727656032,-5.698893128983537e-16
0.19596539229396848,1.8187049357655787,9.169437489861961e-07,-4.898833960530965,-5.698893128983537e-16
0.19596539229396848,1.824976332095805,7.825459897690527e-07,-4.898834174482753,-5.698893128983537e-16
0.19596539229396848,1.8312477284260313,6.671907981517374e-07,-4.898834371049068,-5.698893128983537e-16
0.19596539229396848,1.8375191247562577,5.682811194341294e-07,-4.898834551642632,-5.698893128983537e-16
0.19596539229396848,1.8437905210864831,4.835589304392713e-07,-4.898834717561374,-5.698893128983537e-16
0.19596539229396848,1.8500619174167094,4.1106319262927524e-07,-4.898834869997751,-5.698893128983537e-16
0.19596539229396848,1.8563333137469358,3.4909270645935526e-07,-4.898835010047326,-5.698893128983537e-16
0.19596539229396848,1.862604710077162,2.9617333874754673e-07,-4.898835138716633,-5.698893128983537e-16
0.19596539229396848,1.8688761064073875,2.510291460138604e-07,-4.898835256930422,-5.698893128983537e-16
0.19596539229396848,1.8751475027376139,2.1255696370912443e-07,-4.898835365538294,-5.698893128983537e-16
0.19596539229396848,1.8814188990678402,1.7980407426116746e-07,-4.898835465320817,-5.698893128983537e-16
0.19596539229396848,1.8876902953980665,1.5194860616109567e-07,-4.8988355569951265,-5.698893128983537e-16
0.19596539229396848,1.8939616917282929,1.28282352139899e-07,-4.898835641220088,-5.698893128983537e-16
0.19596539229396848,1.9002330880585183,1.0819572708260341e-07,-4.898835718601026,-5.698893128983537e-16
0.19596539229396848,1.9065044843887446,9.116461592503971e-08,-4.898835789694077,-5.698893128983537e-16
0.19596539229396848,1.912775880718971,7.673888859924987e-08,-4.89883585501019,-5.698893128983537e-16
0.19596539229396848,1.9190472770491973,6.453238335035379e-08,-4.89883591501879,-5.698893128983537e-16
0.19596539229396848,1.9253186733794228,5.421418164381627e-08,-4.898835970151161,-5.698893128983537e-16
0.19596539229396848,1.931590069709649,4.550101760962513e-08,-4.898836020803538,-5.698893128983537e-16
0.19596539229396848,1.9378614660398754,3.815068271103826e-08,-4.898836067339961,-5.698893128983537e-16
0.19596539229396848,1.9441328623701017,3.1956302251076813e-08,-4.898836110094889,-5.698893128983537e-16
0.19596539229396848,1.950404258700328,2.6741374600197433e-08,-4.898836149375599,-5.698893128983537e-16
0.19596539229396848,1.9566756550305535,2.2355476792891865e-08,-4.898836185464405,-5.698893128983537e-16
0.19596539229396848,1.9629470513607798,1.867055153849454e-08,-4.898836218620675,-5.698893128983537e-16
0.19596539229396848,1.9692184476910062,1.5577700851105203e-08,-4.898836249082705,-5.698893128983537e-16
0.19596539229396848,1.9754898440212325,1.298442054434597e-08,-4.898836277069425,-5.698893128983537e-16
0.19596539229396848,1.981761240351458,1.0812217868490327e-08,-4.898836302781977,-5.698893128983537e-16
0.19596539229396848,1.9880326366816843,8.994561691098372e-09,-4.8988363264051555,-5.698893128983537e-16
0.19596539229396848,1.9943040330119106,7.475120930111434e-09,-4.898836348108742,-5.698893128983537e-16
0.19596539229396848,2.000575429342137,6.206252524770261e-09,-4.898836368048721,-5.698893128983537e-16
0.19596539229396848,2.0068468256723633,5.1477051517093335e-09,-4.898836386368399,-5.698893128983537e-16
0.19596539229396848,2.0131182220025887,4.265509231055894e-09,-4.898836403199441,-5.698893128983537e-16
0.19596539229396848,2.019389618332815,3.531027583781918e-09,-4.898836418662812,-5.698893128983537e-16
0.19596539229396848,2.0256610146630414,2.9201444543208528e-09,-4.898836432869647,-5.698893128983537e-16
0.19596539229396848,2.0319324109932677,2.412573553368776e-09,-4.8988364459220515,-5.698893128983537e-16
0.19596539229396848,2.038203807323493,1.991268351534476e-09,-4.898836457913832,-5.698893128983537e-16
0.19596539229396848,2.0444752036537195,1.6419201070113637e-09,-4.898836468931175,-5.698893128983537e-16
0.19596539229396848,2.050746599983946,1.352531077351007e-09,-4.89883647905326,-5.698893128983537e-16
0.19596539229396848,2.057017996314172,1.1130520803844441e-09,-4.898836488352837,-5.698893128983537e-16
0.19596539229396848,2.0632893926443985,9.150750624427341e-10,-4.89883649689674,-5.698893128983537e-16
0.19596539229396848,2.069560788974624,7.515726300743562e-10,-4.898836504746376,-5.698893128983537e-16
0.19596539229396848,2.0758321853048503,6.166776282957843e-10,-4.89883651195816,-5.698893128983537e-16
0.19596539229396848,2.0821035816350766,5.054968252186861e-10,-4.898836518583922,-5.698893128983537e-16
0.19596539229396848,2.088374977965303,4.1395360843837483e-10,-4.898836524671282,-5.698893128983537e-16
0.19596539229396848,2.0946463742955284,3.386553294486654e-10,-4.89883653026399,-5.698893128983537e-16
0.19596539229396848,2.1009177706257547,2.7678156322441736e-10,-4.898836535402242,-5.698893128983537e-16
0.19596539229396848,2.107189166955981,2.2599009390809124e-10,-4.898836540122964,-5.698893128983537e-16
0.19596539229396848,2.1134605632862073,1.843379056172815e-10,-4.898836544460087,-5.698893128983537e-16
0.19596539229396848,2.1197319596164337,1.502148597427488e-10,-4.89883654844478,-5.698893128983537e-16
0.19596539229396848,2.126003355946659,1.2228808548381432e-10,-4.8988365521056805,-5.698893128983537e-16
0.19596539229396848,2.1322747522768855,9.94554064337855e-11,-4.898836555469101,-5.698893128983537e-16
0.19596539229396848,2.138546148607112,8.080637947760672e-11,-4.898836558559214,-5.698893128983537e-16
0.19596539229396848,2.144817544937338,6.558973893779602e-11,-4.898836561398228,-5.698893128983537e-16
0.19596539229396848,2.1510889412675636,5.318622389047637e-11,-4.8988365640065465,-5.698893128983537e-16
0.19596539229396848,2.15736033759779,4.308592429337468e-11,-4.898836566402916,-5.698893128983537e-16
0.19596539229396848,2.163631733928016,3.486941586207778e-11,-4.89883656860456,-5.698893128983537e-16
0.19596539229396848,2.1699031302582426,2.8192067827134358e-11,-4.8988365706273,-5.698893128983537e-16
0.19596539229396848,2.176174526588469,2.2771004682682338e-11,-4.898836572485675,-5.698893128983537e-16
0.19596539229396848,2.1824459229186943,1.8374285284936445e-11,-4.898836574193041,-5.698893128983537e-16
0.19596539229396848,2.1887173192489207,1.4811932322441073e-11,-4.898836575761668,-5.698893128983537e-16
0.19596539229396848,2.194988715579147,1.1928504108033268e-11,-4.89883657720283,-5.698893128983537e-16
0.19596539229396848,2.2012601119093733,9.596950424703434e-12,-4.898836578526884,-5.698893128983537e-16
0.19596539229396848,2.2075315082395988,7.71353615918306e-12,-4.898836579743349,-5.698893128983537e-16
0.19596539229396848,2.213802904569825,6.1936518485531325e-12,-4.898836580860964,-5.698893128983537e-16
0.19596539229396848,2.2200743009000514,4.968360048586117e-12,-4.898836581887763,-5.698893128983537e-16
0.19596539229396848,2.2263456972302778,3.981551464521175e-12,-4.898836582831125,-5.698893128983537e-16
0.19596539229396848,2.232617093560504,3.187605796815495e-12,-4.898836583697832,-5.698893128983537e-16
0.19596539229396848,2.2388884898907295,2.549469869373805e-12,-4.89883658449411,-5.698893128983537e-16
0.19596539229396848,2.245159886220956,2.0370803563608713e-12,-4.898836585225684,-5.698893128983537e-16
0.19596539229396848,2.251431282551182,1.626070756830731e-12,-4.8988365858978105,-5.698893128983537e-16
0.19596539229396848,2.2577026788814085,1.2967125667179687e-12,-4.898836586515321,-5.698893128983537e-16
0.19596539229396848,2.263974075211634,1.0330491895510188e-12,-4.898836587082654,-5.698893128983537e-16
0.19596539229396848,2.2702454715418603,8.221882850093673e-13,-4.898836587603886,-5.698893128983537e-16
0.19596539229396848,2.2765168678720866,6.537242101161897e-13,-4.898836588082763,-5.698893128983537e-16
0.19596539229396848,2.282788264202313,5.192671571750772e-13,-4.898836588522727,-5.698893128983537e-16
0.19596539229396848,2.2890596605325393,4.120597004992202e-13,-4.898836588926939,-5.698893128983537e-16
0.19596539229396848,2.2953310568627647,3.2666486937630697e-13,-4.898836589298307,-5.698893128983537e-16
0.19596539229396848,2.301602453192991,2.587126842504295e-13,-4.898836589639497,-5.698893128983537e-16
0.19596539229396848,2.3078738495232174,2.0469442471513045e-13,-4.898836589952962,-5.698893128983537e-16
0.19596539229396848,2.3141452458534437,1.6179582368215254e-13,-4.898836590240957,-5.698893128983537e-16
0.19596539229396848,2.320416642183669,1.277619707248672e-13,-4.898836590505548,-5.698893128983537e-16
0.19596539229396848,2.3266880385138955,1.0078801652252494e-13,-4.8988365907486395,-5.698893128983537e-16
0.19596539229396848,2.332959434844122,7.94308474940889e-14,-4.898836590971977,-5.698893128983537e-16
0.19596539229396848,2.339230831174348,6.253778507449141e-14,-4.898836591177167,-5.698893128983537e-16
0.19596539229396848,2.3455022275045745,4.918909092714058e-14,-4.898836591365683,-5.698893128983537e-16
0.19596539229396848,2.3517736238348,3.865165537007367e-14,-4.898836591538881,-5.698893128983537e-16
0.19596539229396848,2.3580450201650263,3.0341734392850904e-14,-4.898836591698005,-5.698893128983537e-16
0.19596539229396848,2.3643164164952526,2.379499990782893e-14,-4.898836591844198,-5.698893128983537e-16
0.19596539229396848,2.370587812825479,1.8642494090478397e-14,-4.898836591978513,-5.698893128983537e-16
0.19596539229396848,2.3768592091557044,1.4591344869074316e-14,-4.898836592101913,-5.698893128983537e-16
0.19596539229396848,2.3831306054859307,1.1409316603910922e-14,-4.898836592215284,-5.698893128983537e-16
0.19596539229396848,2.389402001816157,8.912446643331729e-15,-4.898836592319444,-5.698893128983537e-16
0.19596539229396848,2.3956733981463834,6.955162085266974e-15,-4.89883659241514,-5.698893128983537e-16
0.19596539229396848,2.4019447944766097,5.4223877378058044e-15,-4.898836592503061,-5.698893128983537e-16
0.19596539229396848,2.408216190806835,4.223250915254789e-15,-4.898836592583836,-5.698893128983537e-16
0.19596539229396848,2.4144875871370615,3.2860653938388013e-15,-4.898836592658048,-5.698893128983537e-16
0.19596539229396848,2.420758983467288,2.5543389171457638e-15,-4.898836592726229,-5.698893128983537e-16
0.19596539229396848,2.427030379797514,1.9835988146570253e-15,-4.898836592788871,-5.698893128983537e-16
0.19596539229396848,2.4333017761277396,1.5388708086593796e-15,-4.898836592846422,-5.698893128983537e-16
0.19596539229396848,2.439573172457966,1.1926787576952887e-15,-4.898836592899296,-5.698893128983537e-16
0.19596539229396848,2.4458445687881922,9.234594046716916e-16,-4.898836592947874,-5.698893128983537e-16
0.19596539229396848,2.4521159651184186,7.143073754209686e-16,-4.898836592992505,-5.698893128983537e-16
0.19596539229396848,2.458387361448645,5.519826938067572e-16,-4.89883659303351,-5.698893128983537e-16
0.19596539229396848,2.4646587577788703,4.2612674267482817e-16,-4.898836593071182,-5.698893128983537e-16
0.19596539229396848,2.4709301541090967,3.2864355554202367e-16,-4.898836593105791,-5.698893128983537e-16
0.19596539229396848,2.477201550439323,2.5321209831800093e-16,-4.89883659313759,-5.698893128983537e-16
0.19596539229396848,2.4834729467695493,1.9490221972713668e-16,-4.898836593166805,-5.698893128983537e-16
0.19596539229396848,2.4897443430997748,1.4987255801978702e-16,-4.8988365931936455,-5.698893128983537e-16
0.19596539229396848,2.496015739430001,1.151331682946206e-16,-4.898836593218305,-5.698893128983537e-16
0.19596539229396848,2.5022871357602274,8.835920373905473e-17,-4.8988365932409605,-5.698893128983537e-16
0.19596539229396848,2.5085585320904538,6.774482613829245e-17,-4.898836593261775,-5.698893128983537e-16
0.19596539229396848,2.51482992842068,5.188878158414669e-17,-4.898836593280898,-5.698893128983537e-16
0.19596539229396848,2.5211013247509055,3.970487334297094e-17,-4.898836593298468,-5.698893128983537e-16
0.19596539229396848,2.527372721081132,3.0351989157742365e-17,-4.89883659331461,-5.698893128983537e-16
0.19596539229396848,2.533644117411358,2.3179470092763705e-17,-4.89883659332944,-5.698893128983537e-16
0.19596539229396848,2.5399155137415845,1.7684502618992005e-17,-4.8988365933430655,-5.698893128983537e-16
0.19596539229396848,2.54618691007181,1.3478923160417884e-17,-4.898836593355583,-5.698893128983537e-16
0.19596539229396848,2.5524583064020363,1.0263383260280665e-17,-4.898836593367084,-5.698893128983537e-16
0.19596539229396848,2.5587297027322626,7.807264584217491e-18,-4.898836593377649,-5.698893128983537e-16
0.19596539229396848,2.565001099062489,5.933080623089575e-18,-4.898836593387357,-5.698893128983537e-16
0.19596539229396848,2.5712724953927153,4.504375666069732e-18,-4.898836593396275,-5.698893128983537e-16
0.19596539229396848,2.5775438917229407,3.41634686682322e-18,-4.89883659340447,-5.698893128983537e-16
0.19596539229396848,2.583815288053167,2.5885843160352084e-18,-4.898836593411998,-5.698893128983537e-16
0.19596539229396848,2.5900866843833934,1.959456712400315e-18,-4.898836593418915,-5.698893128983537e-16
0.19596539229396848,2.5963580807136197,1.4817742153353194e-18,-4.898836593425269,-5.698893128983537e-16
0.19596539229396848,2.602629477043846,1.1194414775535324e-18,-4.898836593431107,-5.698893128983537e-16
0.19596539229396848,2.6089008733740715,8.448775240770139e-19,-4.898836593436471,-5.698893128983537e-16
0.19596539229396848,2.615172269704298,6.370288788542427e-19,-4.898836593441398,-5.698893128983537e-16
0.19596539229396848,2.621443666034524,4.798411468920763e-19,-4.898836593445926,-5.698893128983537e-16
0.19596539229396848,2.6277150623647505,3.6108450600471514e-19,-4.898836593450085,-5.698893128983537e-16
0.19596539229396848,2.633986458694976,2.7145211005346474e-19,-4.898836593453907,-5.698893128983537e-16
0.19596539229396848,2.6402578550252023,2.0386871793242768e-19,-4.898836593457418,-5.698893128983537e-16
0.19596539229396848,2.6465292513554286,1.529610876925364e-19,-4.8988365934606435,-5.698893128983537e-16
0.19596539229396848,2.652800647685655,1.146527130626464e-19,-4.898836593463607,-5.698893128983537e-16
0.19596539229396848,2.6590720440158813,8.585403485238865e-20,-4.89883659346633,-5.698893128983537e-16
0.19596539229396848,2.6653434403461067,6.422588334826263e-20,-4.898836593468832,-5.698893128983537e-16
0.19596539229396848,2.671614836676333,4.799903027884584e-20,-4.898836593471129,-5.698893128983537e-16
0.19596539229396848,2.6778862330065594,3.583668606218567e-20,-4.8988365934732405,-5.698893128983537e-16
0.19596539229396848,2.6841576293367857,2.6729831583369063e-20,-4.898836593475181,-5.698893128983537e-16
0.19596539229396848,2.690429025667011,1.9917627416142645e-20,-4.898836593476964,-5.698893128983537e-16
0.19596539229396848,2.6967004219972375,1.482695560715606e-20,-4.898836593478601,-5.698893128983537e-16
0.19596539229396848,2.702971818327464,1.1026542910369581e-20,-4.898836593480105,-5.698893128983537e-16
0.19596539229396848,2.70924321465769,8.192185128180271e-21,-4.898836593481487,-5.698893128983537e-16
0.19596539229396848,2.7155146109879165,6.080413933854171e-21,-4.898836593482757,-5.698893128983537e-16
0.19596539229396848,2.721786007318142,4.5085774507097686e-21,-4.8988365934839235,-5.698893128983537e-16
0.19596539229396848,2.7280574036483682,3.3397881937312223e-21,-4.898836593484996,-5.698893128983537e-16
0.19596539229396848,2.7343287999785946,2.471560905956804e-21,-4.89883659348598,-5.698893128983537e-16
0.19596539229396848,2.740600196308821,1.827244698796201e-21,-4.898836593486885,-5.698893128983537e-16
0.19596539229396848,2.7468715926390463,1.3495690363335325e-21,-4.898836593487716,-5.698893128983537e-16
0.19596539229396848,2.7531429889692727,9.957871138581624e-22,-4.89883659348848,-5.698893128983537e-16
0.19596539229396848,2.759414385299499,7.340250812690043e-22,-4.8988365934891815,-5.698893128983537e-16
0.19596539229396848,2.7656857816297253,5.40540574823242e-22,-4.898836593489826,-5.698893128983537e-16
0.19596539229396848,2.7719571779599517,3.9766621891675196e-22,-4.898836593490418,-5.698893128983537e-16
0.19596539229396848,2.778228574290177,2.922685616380314e-22,-4.898836593490962,-5.698893128983537e-16
0.19596539229396848,2.7844999706204034,2.145944600208394e-22,-4.898836593491462,-5.698893128983537e-16
0.19596539229396848,2.7907713669506298,1.5740840244694117e-22,-4.898836593491922,-5.698893128983537e-16
0.19596539229396848,2.797042763280856,1.1534806618354934e-22,-4.8988365934923435,-5.698893128983537e-16
0.19596539229396848,2.8033141596110815,8.444340288792819e-23,-4.898836593492731,-5.698893128983537e-16
0.19596539229396848,2.809585555941308,6.175812977630617e-23,-4.898836593493087,-5.698893128983537e-16
0.19596539229396848,2.815856952271534,4.5122748658520774e-23,-4.898836593493415,-5.698893128983537e-16
0.19596539229396848,2.8221283486017605,3.2935932162328615e-23,-4.898836593493715,-5.698893128983537e-16
0.19596539229396848,2.828399744931987,2.4016923434050968e-23,-4.898836593493991,-5.698893128983537e-16
0.19596539229396848,2.8346711412622123,1.749596048128337e-23,-4.898836593494245,-5.698893128983537e-16
0.19596539229396848,2.8409425375924386,1.2733013691952913e-23,-4.898836593494478,-5.698893128983537e-16
0.19596539229396848,2.847213933922665,9.257583215216307e-24,-4.898836593494693,-5.698893128983537e-16
0.19596539229396848,2.8534853302528913,6.724144604785646e-24,-4.89883659349489,-5.698893128983537e-16
0.19596539229396848,2.8597567265831167,4.879209499829488e-24,-4.89883659349507,-5.698893128983537e-16
0.19596539229396848,2.866028122913343,3.536998607321576e-24,-4.898836593495236,-5.698893128983537e-16
0.19596539229396848,2.8722995192435694,2.561493824507093e-24,-4.898836593495388,-5.698893128983537e-16
0.19596539229396848,2.8785709155737957,1.8532104437851155e-24,-4.898836593495529,-5.698893128983537e-16
0.19596539229396848,2.884842311904022,1.339458203185511e-24,-4.898836593495657,-5.698893128983537e-16
0.19596539229396848,2.8911137082342475,9.671784138742289e-25,-4.898836593495776,-5.698893128983537e-16
0.19596539229396848,2.897385104564474,6.976812078334701e-25,-4.898836593495885,-5.698893128983537e-16
0.19596539229396848,2.9036565008947,5.027828519012442e-25,-4.898836593495984,-5.698893128983537e-16
0.19596539229396848,2.9099278972249265,3.619735943115275e-25,-4.8988365934960765,-5.698893128983537e-16
0.19596539229396848,2.916199293555152,2.6034325170281693e-25,-4.898836593496161,-5.698893128983537e-16
0.19596539229396848,2.9224706898853783,1.87063373026201e-25,-4.898836593496238,-5.698893128983537e-16
0.19596539229396848,2.9287420862156046,1.3427779427151164e-25,-4.89883659349631,-5.698893128983537e-16
0.19596539229396848,2.935013482545831,9.629253890711695e-26,-4.898836593496375,-5.698893128983537e-16
0.19596539229396848,2.9412848788760573,6.89849062258717e-26,-4.898836593496435,-5.698893128983537e-16
0.19596539229396848,2.9475562752062827,4.937288673430768e-26,-4.8988365934964895,-5.698893128983537e-16
0.19596539229396848,2.953827671536509,3.530172795155556e-26,-4.898836593496541,-5.698893128983537e-16
0.19596539229396848,2.9600990678667354,2.5216012363684302e-26,-4.898836593496587,-5.698893128983537e-16
0.19596539229396848,2.9663704641969617,1.79940886264478e-26,-4.898836593496631,-5.698893128983537e-16
0.19596539229396848,2.972641860527187,1.2827921779820955e-26,-4.89883659349667,-5.698893128983537e-16
0.19596539229396848,2.9789132568574135,9.135992880522445e-27,-4.898836593496706,-5.698893128983537e-16
0.19596539229396848,2.98518465318764,6.500222211008246e-27,-4.898836593496739,-5.698893128983537e-16
0.19596539229396848,2.991456049517866,4.620337023164237e-27,-4.898836593496769,-5.698893128983537e-16
0.19596539229396848,2.9977274458480925,3.280893320964413e-27,-4.898836593496798,-5.698893128983537e-16
0.19596539229396848,3.003998842178318,2.327467174913879e-27,-4.898836593496823,-5.698893128983537e-16
0.19596539229396848,3.0102702385085442,1.649483674047875e-27,-4.8988365934968465,-5.698893128983537e-16
0.19596539229396848,3.0165416348387706,1.1678457366290209e-27,-4.898836593496869,-5.698893128983537e-16
0.19596539229396848,3.022813031168997,8.260302260833541e-28,-4.898836593496888,-5.698893128983537e-16
0.19596539229396848,3.0290844274992224,5.836861663733129e-28,-4.898836593496907,-5.698893128983537e-16
0.19596539229396848,3.0353558238294487,4.120366647309829e-28,-4.898836593496924,-5.698893128983537e-16
0.19596539229396848,3.041627220159675,2.905797375435733e-28,-4.898836593496939,-5.698893128983537e-16
0.19596539229396848,3.0478986164899013,2.047235447780834e-28,-4.898836593496953,-5.698893128983537e-16
0.19596539229396848,3.0541700128201277,1.4409312486844727e-28,-4.898836593496966,-5.698893128983537e-16
0.19596539229396848,3.060441409150353,1.013191944615137e-28,-4.898836593496978,-5.698893128983537e-16
0.19596539229396848,3.0667128054805795,7.11726601378643e-29,-4.8988365934969895,-5.698893128983537e-16
0.19596539229396848,3.072984201810806,4.994680008036872e-29,-4.898836593497,-5.698893128983537e-16
0.19596539229396848,3.079255598141032,3.5016694128743945e-29,-4.898836593497009,-5.698893128983537e-16
0.19596539229396848,3.0855269944712576,2.4525372765041836e-29,-4.898836593497017,-5.698893128983537e-16
0.19596539229396848,3.091798390801484,1.7160466622191405e-29,-4.898836593497025,-5.698893128983537e-16
0.19596539229396848,3.09806978713171,1.1995423080549608e-29,-4.898836593497033,-5.698893128983537e-16
0.19596539229396848,3.1043411834619365,8.376740253473542e-30,-4.898836593497039,-5.698893128983537e-16
0.19596539229396848,3.110612579792163,5.843963964584257e-30,-4.8988365934970455,-5.698893128983537e-16
0.19596539229396848,3.1168839761223883,4.0729868792272895e-30,-4.898836593497051,-5.698893128983537e-16
0.19596539229396848,3.1231553724526147,2.8359037981466066e-30,-4.898836593497056,-5.698893128983537e-16
0.19596539229396848,3.129426768782841,1.9726179420783126e-30,-4.898836593497061,-5.698893128983537e-16
0.19596539229396848,3.1356981651130673,1.3707790713358239e-30,-4.898836593497065,-5.698893128983537e-16
0.19596539229396848,3.1419695614432928,9.516230497447112e-31,-4.898836593497069,-5.698893128983537e-16
0.19596539229396848,3.148240957773519,6.599870922356075e-31,-4.898836593497073,-5.698893128983537e-16
0.19596539229396848,3.1545123541037454,4.5727655203188365e-31,-4.898836593497077,-5.698893128983537e-16
0.19596539229396848,3.1607837504339718,3.1651582205592588e-31,-4.898836593497079,-5.698893128983537e-16
0.19596539229396848,3.167055146764198,2.1886933481528944e-31,-4.898836593497082,-5.698893128983537e-16
0.19596539229396848,3.1733265430944235,1.511984757489441e-31,-4.898836593497085,-5.698893128983537e-16
0.19596539229396848,3.17959793942465,1.043477068603062e-31,-4.898836593497087,-5.698893128983537e-16
0.19596539229396848,3.185869335754876,7.194347437237695e-32,-4.898836593497089,-5.698893128983537e-16
0.19596539229396848,3.1921407320851025,4.955333710660665e-32,-4.898836593497092,-5.698893128983537e-16
0.19596539229396848,3.198412128415328,3.409788232938947e-32,-4.898836593497093,-5.698893128983537e-16
0.19596539229396848,3.2046835247455543,2.3439854420171896e-32,-4.898836593497095,-5.698893128983537e-16
0.19596539229396848,3.2109549210757806,1.6097388065322288e-32,-4.898836593497096,-5.698893128983537e-16
