arm,variant,K,Lambda,Lambda_dir,Lambda_field_pts,Lambda_ratio,decade_0,decade_-1,decade_-2,decade_-3,Lambda_increment
oracle,,17,0.3252768102603795,0.6426278067120199,46.3542361171673,0.007017197078562432,0.0,0.09013840601572035,0.228218903466285,0.0069195007783741805,0.22258577768647542
misspec,,17,0.20514460533895967,0.8079355424596382,193.6831775230855,0.0010591761657488712,0.0,0.0,0.1801990446851592,0.024945560653800464,0.7084866357041033
perturbed,0.003,17,0.3265640673466109,0.6457619356316027,46.357369230003115,0.007044490935763763,0.0,0.08934605737202093,0.23019682369866346,0.007021186275926494,0.22304765588291697
perturbed,0.01,17,0.3290944209096688,0.6528255403376122,46.36468081332789,0.007097955062705145,0.0,0.08717462461226962,0.2346566172853988,0.007263179012000381,0.22221264157762732
perturbed,0.03,17,0.331594494797545,0.6701446822429815,46.38557866314484,0.007148654912890196,0.0,0.07807872993767813,0.2455235968700956,0.007992167989771242,0.19363767648226526
perturbed,0.1,17,0.20263142316117286,0.5999416438435422,46.45880994120948,0.00436152848980827,0.0,0.0,0.19186445677136071,0.010766966389812149,0.12525388227185877
trained,0,17,0.3236315245916019,0.6375429675075671,8.886034664688504,0.03642024106406597,0.0,0.09487072076814192,0.22241626829308028,0.0063445355303797385,0.21051760975923722
trained,1,17,0.33397624794572767,0.6458817387931781,9.338651069746424,0.03576279330402225,0.0,0.09838695810704888,0.22828404537459404,0.007305244464084759,0.20745715196575476
trained,2,17,0.3195396536885877,0.6357775964539351,9.474056677200378,0.033727859625071716,0.0,0.09367724687376242,0.22214386512836232,0.00371854168646295,0.21594425834213937
oracle,,34,0.5478625879468549,0.7808680234172416,41.28772334410844,0.013269382362906,0.0,0.047665332326535866,0.49233579969434843,0.007861455925970668,0.2475568663767741
misspec,,34,0.913631241043063,1.2403520101707775,157.8690464276407,0.005787272817042231,0.0,0.22769734169694522,0.6748077966118696,0.011126102734248255,-0.11097638005783006
perturbed,0.003,34,0.5496117232295279,0.7850682007508966,41.290498512750496,0.013310852206344951,0.0,0.04587013748787546,0.49573023410794836,0.008011351633704098,0.24786494387861024
perturbed,0.01,34,0.5513070624872961,0.7924605141062552,41.29697442824682,0.013349817271606373,0.0,0.04099607152840076,0.5019269313862303,0.008384059572665012,0.23863287707247327
perturbed,0.03,34,0.5252321712798103,0.7806756188923443,41.315481070793986,0.012712720696143561,0.0,0.020272302350927782,0.49533766970799364,0.00962219922088888,-0.020594343703569162
perturbed,0.1,34,0.3278853054330316,0.5966496996142896,41.38030129954797,0.007923705123834208,0.0,0.0,0.3161010384159284,0.01178426701710326,0.498820591174879
trained,0,34,0.5341491343508391,0.766438402878361,8.56312226407421,0.062377847457791485,0.0,0.047600961070798795,0.47871366366312756,0.007834509616912802,0.2220401309292881
trained,1,34,0.5414333999114824,0.7683429431372353,8.92962004491687,0.060633419696249,0.0,0.0509412065719666,0.48178852629894675,0.0087036670405692,0.2047197250362015
trained,2,34,0.5354839120307271,0.7709399152448315,9.127604183420875,0.058666425632628236,0.0,0.04790542596423058,0.4829976620964677,0.004580823970028751,0.24340699981716285
oracle,,68,0.795419454323629,0.9700165328139747,33.48117713176606,0.023757212931708904,0.0,0.09158449803824237,0.6951355885122317,0.00869936777315503,0.26891994859636603
misspec,,68,0.802654860985233,0.9490962005389119,115.72899090688747,0.006935642095341764,0.0,0.26374590822988697,0.5309814917602421,0.007927460995103863,-0.06799161222821981
perturbed,0.003,68,0.7974766671081381,0.9729035372935564,33.483534442453944,0.02381697990929576,0.0,0.0851173578151121,0.7034137317034179,0.008945577589608076,0.2655400090472
perturbed,0.01,68,0.7899399395597694,0.9674552142406501,33.48903520381468,0.023588017234661588,0.0,0.06547380769026478,0.7148529136203147,0.009613218249189846,0.19190969344617848
perturbed,0.03,68,0.5046378275762411,0.6926512215794335,33.504754517246184,0.015061678106505291,0.0,0.0,0.4921307582837602,0.01250706929248097,0.5653026698669803
perturbed,0.1,68,0.8267058966079106,0.9932496334644724,33.55980539226614,0.02463381080268198,0.0,0.15832296546001093,0.6607453934233047,0.0076375377245949325,-0.049489259966185584
trained,0,68,0.7561892652801272,0.9251974867980527,7.880677823855902,0.09595485086207149,0.0,0.08155452690108767,0.6652808003904248,0.009353937988614643,0.20446340455132217
trained,1,68,0.7461531249476839,0.9083683264442435,8.272833617563656,0.0901931743633236,0.0,0.0782018300898214,0.6576014884594031,0.010349806398459345,0.16868588181838762
trained,2,68,0.7788909118478899,0.9548019723806613,8.363102592468987,0.09313420506754094,0.0,0.08783662623474746,0.6854608942506966,0.005593391362446022,0.26234637509873515
oracle,,136,1.064339402919995,1.1911057286697273,27.709445402694186,0.0384107075205666,0.0,0.12951100490209963,0.9215717553193957,0.013256642698499542,0.28125109916239976
misspec,,136,0.7346632487570132,0.8030577427417729,84.77568540454723,0.008665966488518735,0.0,0.2651226258015244,0.4603861655069774,0.00915445744851155,-0.03531620813147285
perturbed,0.003,136,1.0630166761553381,1.1922214561329687,27.711471515718372,0.03836016703596482,0.0,0.10912427210461653,0.940021444892068,0.013870959158653617,0.26318481755390644
perturbed,0.01,136,0.9818496330059479,1.1082917875059526,27.71619933144493,0.03542511804250186,0.0,0.03927557546915632,0.9266865148820377,0.015887542654753787,-0.8647876940071011
perturbed,0.03,136,1.0699404974432214,1.1979586373931008,27.72970906326196,0.03858462759209923,0.0,0.061947123402588435,0.9922292476738584,0.015764126366774565,0.2431456143512718
perturbed,0.1,136,0.777216636641725,0.8570657382805386,27.77701280493438,0.027980569476630628,0.0,0.1991102016098888,0.5697218342990369,0.008384600732799147,-0.042986466052389205
trained,0,136,0.9606526698314494,1.0766939093318753,7.363297947896048,0.13046500041546485,0.0,0.09043305148852264,0.8552212069886533,0.014998411354273431,0.13402566966736507
trained,1,136,0.9148390067660715,1.0162067492663351,7.749066432320948,0.11805796411169302,0.0,0.08024687134385042,0.8177966366420417,0.016795498780179607,0.16199557503943607
trained,2,136,1.041237286946625,1.167594263158973,7.778530858426433,0.13386040447710756,0.0,0.12530394291679778,0.9059313068434075,0.010002037186419368,0.259675919099285
oracle,,272,1.3455905020823948,1.4353548977395854,24.25396257615482,0.055479202536797285,0.0,0.116759300156238,1.2114353590528262,0.017395842873330476,0.28677164879192696
misspec,,272,0.6993470406255403,0.7316669545988228,66.25809570552376,0.010554891944581462,0.0,0.23365625165779566,0.45589489629553454,0.00979589267221018,-0.017650395090641036
perturbed,0.003,272,1.3262014937092446,1.4176290398783953,24.255727615514054,0.054675807493031095,0.0,0.07321005360396741,1.234099539392421,0.0188919007128559,0.14758813421552852
perturbed,0.01,272,0.11706193899884679,0.17343044624574255,24.259846150716175,0.004825337237160962,0.0,0.0,0.09705136204283867,0.02001057695600814,1.6258016548081402
perturbed,0.03,272,1.3130861117944932,1.393672670691069,24.271614242958147,0.054099661384304304,0.0,0.2118988322863455,1.0865556823373717,0.014631597170776427,-0.05243201886972182
perturbed,0.1,272,0.7342301705893358,0.7720384368240005,24.31370553192255,0.030198201159643567,0.0,0.1723686688394934,0.5530812521087181,0.008780249641124109,-0.022780782620638318
trained,0,272,1.0946783394988144,1.1692933594685497,7.047619706220244,0.1553259660893236,0.0,0.037917200410774204,1.0367099414010963,0.020051197686943488,0.03790901506785338
trained,1,272,1.0768345818055076,1.1371616618896254,7.427516359254985,0.1449790925689081,0.0,0.07321144811280336,0.9825646204271303,0.021058513265573873,0.4820420494508879
trained,2,272,1.30091320604591,1.3854432898147337,7.422598782834976,0.175263845468021,0.0,0.13927190044330806,1.1478492754476166,0.013792030154985244,0.32387344028570464
oracle,,544,1.6323621508743218,1.6948377009343571,22.36927623586938,0.07297340037568185,0.0,0.1273479492995194,1.4838875273869079,0.021126674187893626,0.2888610153242932
misspec,,544,0.6816966455348993,0.6976481920181922,56.15738443809253,0.012139038389268227,0.0,0.23209249767065365,0.4394778627229574,0.010126285141288263,-0.008862451366688617
perturbed,0.003,544,1.473789627924773,1.535084130629237,22.37092946069244,0.06587967793266446,0.0,0.014650738588435165,1.433856617483129,0.025282271853209602,0.10039810342734401
perturbed,0.01,544,1.742863593806987,1.8098183186483936,22.374787040463044,0.077894086350639,0.0,0.17413798588815388,1.5475828078332041,0.021142800085629177,0.012364636379605054
perturbed,0.03,544,1.2606540929247714,1.2984444306590772,22.385809122651498,0.0563148772518191,0.0,0.23449912163298842,1.0117861714895304,0.014368799802253295,-0.03674250712663141
perturbed,0.1,544,0.7114493879686975,0.7298648382070695,22.424842222680862,0.03172594843272189,0.0,0.17456640657035163,0.5278969129694281,0.008986068428917752,-0.011724572296129554
trained,0,544,1.1325873545666678,1.1774172230869775,6.875819590398867,0.16472034201539695,0.0,0.014246235682348004,1.0987927927998744,0.019548326084445847,0.19511407338927356
trained,1,544,1.5588766312563955,1.6074515748612377,7.252016405842675,0.2149576812871614,0.0,0.22234531376839548,1.3072197469340894,0.029311570553911113,0.3162320990633598
trained,2,544,1.6247866463316147,1.680695199902046,7.229318873555719,0.22474961676887112,0.0,0.271136225270639,1.3345103537187681,0.019140067342206822,0.2537823160723056
oracle,,1088,1.921223166198615,1.963241004059852,21.385593964052045,0.08983726004655661,0.0,0.12363843696389475,1.7729516862479213,0.02463304298679882,nan
misspec,,1088,0.6728341941682107,0.6807335563277122,50.885307224619666,0.013222563267588479,0.0,0.2244129585860322,0.43813230692062055,0.010288928661557232,nan
perturbed,0.003,1088,1.574187731352117,1.613939349271089,21.38717463481653,0.0736042865984491,0.0,0.0,1.5416292301606116,0.032558501191505426,nan
perturbed,0.01,1088,1.755228230186592,1.788281206474068,21.390862894233383,0.08205504559892121,0.0,0.23398558148498716,1.5014496858261546,0.01979296287545037,nan
perturbed,0.03,1088,1.22391158579814,1.2419348796656027,21.401457423345892,0.05718823543592081,0.0,0.2254101421680091,0.9842159909480818,0.014285452682049352,nan
perturbed,0.1,1088,0.699724815672568,0.7087620338194262,21.438972849396777,0.032637982266592404,0.0,0.16729927109232567,0.5233423687623147,0.009083175817928337,nan
trained,0,1088,1.3277014279559414,1.3547535991984478,6.785999386536674,0.1956530427323766,0.0,0.01499545984996373,1.288957213528249,0.023748754577729164,nan
trained,1,1088,1.8751087303197553,1.9068142684467122,7.1600836809919945,0.2618836334689273,0.0,0.42020284136119057,1.4242086956072872,0.03069719335127739,nan
trained,2,1088,1.8785689624039204,1.9120725969058934,7.128168115164234,0.26354161855519564,0.0,0.39564754683374614,1.4616121955414252,0.02130922002874803,nan
