arm,variant,K,sigma_hi,n_split,n_low,Lambda,Lambda_dir,Lambda_field_pts,Lambda_field_pts_check,max_field_pts_rel_change,spatial_boundary_hits,spatial_check_boundary_hits,min_e
oracle,,17,1.841891846566616,9,8,0.3252768102603795,0.6426278067120199,46.3542361171673,46.35521868320677,0.00785811040946737,4,4,0.015622134021696973
misspec,,17,1.841891846566616,9,8,0.20514460533895967,0.8079355424596382,193.6831775230855,193.68382491034387,0.0053235910568625935,4,4,0.002263626287463472
perturbed,0.003,17,1.841891846566616,9,8,0.3265640673466109,0.6457619356316027,46.357369230003115,46.35835179642345,0.007858110409677101,4,4,0.01472729774434707
perturbed,0.01,17,1.841891846566616,9,8,0.3290944209096688,0.6528255403376122,46.36468081332789,46.36566338063687,0.00785811041016594,4,4,0.012654974640055775
perturbed,0.03,17,1.841891846566616,9,8,0.331594494797545,0.6701446822429815,46.38557866314484,46.38656123299279,0.007858110411563663,4,4,0.007015378245927677
perturbed,0.1,17,1.841891846566616,9,8,0.20263142316117286,0.5999416438435422,46.45880994120948,46.459792519943846,0.007858110416455552,4,4,0.007211795769664075
trained,0,17,1.841891846566616,9,8,0.3236315245916019,0.6375429675075671,8.886034664688504,8.886034664688506,1.4030187661075103e-15,0,0,0.01879841860558829
trained,1,17,1.841891846566616,9,8,0.33397624794572767,0.6458817387931781,9.338651069746424,9.338651069746417,2.37050077798384e-15,0,0,0.013937904231861687
trained,2,17,1.841891846566616,9,8,0.3195396536885877,0.6357775964539351,9.474056677200378,9.474056677200377,2.6238300203828877e-15,0,0,0.016119133135520637
oracle,,34,1.841891846566616,18,16,0.5478625879468549,0.7808680234172416,41.28772334410844,41.28821998909932,0.00785811040946703,8,7,0.00798368083631293
misspec,,34,1.841891846566616,18,16,0.913631241043063,1.2403520101707775,157.8690464276407,157.86936733609005,0.005323591056862314,7,7,0.007431554489193954
perturbed,0.003,34,1.841891846566616,18,16,0.5496117232295279,0.7850682007508966,41.290498512750496,41.2909951597096,0.007858110409676888,8,8,0.007087962179126647
perturbed,0.01,34,1.841891846566616,18,16,0.5513070624872961,0.7924605141062552,41.29697442824682,41.29747107979848,0.00785811041016613,8,8,0.00503994656207595
perturbed,0.03,34,1.841891846566616,18,16,0.5252321712798103,0.7806756188923443,41.315481070793986,41.315977735467136,0.007858110411563745,8,8,0.0024382442853104536
perturbed,0.1,34,1.841891846566616,18,16,0.3278853054330316,0.5966496996142896,41.38030129954797,41.380798010146414,0.007858110416455344,8,8,0.005864869913433447
trained,0,34,1.841891846566616,18,16,0.5341491343508391,0.766438402878361,8.56312226407421,8.56312226407421,1.726811572860348e-15,0,0,0.01133260319392538
trained,1,34,1.841891846566616,18,16,0.5414333999114824,0.7683429431372353,8.92962004491687,8.929620044916865,2.8323184970762335e-15,0,0,0.007299216421932177
trained,2,34,1.841891846566616,18,16,0.5354839120307271,0.7709399152448315,9.127604183420875,9.127604183420873,2.1006236245361785e-15,0,0,0.00872276069659522
oracle,,68,1.841891846566616,36,32,0.795419454323629,0.9700165328139747,33.48117713176606,33.48142338748028,0.007858110409466755,15,13,0.0040326231205481365
misspec,,68,1.841891846566616,36,32,0.802654860985233,0.9490962005389119,115.72899090688747,115.72914838326594,0.005323591056862866,14,13,0.012443259153205165
perturbed,0.003,68,1.841891846566616,36,32,0.7974766671081381,0.9729035372935564,33.483534442453944,33.48378069890184,0.007858110409676891,15,15,0.0031397044469879737
perturbed,0.01,68,1.841891846566616,36,32,0.7899399395597694,0.9674552142406501,33.48903520381468,33.489281461974514,0.007858110410165885,15,15,0.0012648844463154694
perturbed,0.03,68,1.841891846566616,36,32,0.5046378275762411,0.6926512215794335,33.504754517246184,33.50500078029723,0.007858110411563724,15,15,0.001598204491090853
perturbed,0.1,68,1.841891846566616,36,32,0.8267058966079106,0.9932496334644724,33.55980539226614,33.56005167243643,0.007858110416455328,15,15,0.020123790645327454
trained,0,68,1.841891846566616,36,32,0.7561892652801272,0.9251974867980527,7.880677823855902,7.880677823855902,1.636310513960772e-15,0,0,0.00782482772130094
trained,1,68,1.841891846566616,36,32,0.7461531249476839,0.9083683264442435,8.272833617563656,8.27283361756365,3.1639918091534276e-15,0,0,0.004774987289081709
trained,2,68,1.841891846566616,36,32,0.7788909118478899,0.9548019723806613,8.363102592468987,8.363102592468985,3.6374720549690916e-15,0,0,0.005161512724970315
oracle,,136,1.841891846566616,72,64,1.064339402919995,1.1911057286697273,27.709445402694186,27.709567448542824,0.007858110409467342,29,26,0.0020388261061590448
misspec,,136,1.841891846566616,72,64,0.7346632487570132,0.8030577427417729,84.77568540454723,84.77576303136138,0.005323591056862438,28,26,0.014972095824259466
perturbed,0.003,136,1.841891846566616,72,64,1.0630166761553381,1.1922214561329687,27.711471515718372,27.711593561869535,0.007858110409677236,29,29,0.0011585266477542274
perturbed,0.01,136,1.841891846566616,72,64,0.9818496330059479,1.1082917875059526,27.71619933144493,27.716321378301966,0.00785811041016581,29,29,0.000660133636378215
perturbed,0.03,136,1.841891846566616,72,64,1.0699404974432214,1.1979586373931008,27.72970906326196,27.72983111213578,0.007858110411563925,29,29,0.0030055824641766794
perturbed,0.1,136,1.841891846566616,72,64,0.777216636641725,0.8570657382805386,27.77701280493438,27.777134860866944,0.007858110416455552,29,29,0.027640694978453794
trained,0,136,1.841891846566616,72,64,0.9606526698314494,1.0766939093318753,7.363297947896048,7.363297947896047,2.604819537371821e-15,0,0,0.005634435304884719
trained,1,136,1.841891846566616,72,64,0.9148390067660715,1.0162067492663351,7.749066432320948,7.749066432320948,3.4371776145912916e-15,0,0,0.0034767821255151875
trained,2,136,1.841891846566616,72,64,1.041237286946625,1.167594263158973,7.778530858426433,7.77853085842643,4.2480161986181396e-15,0,0,0.003624588187416267
oracle,,272,1.841891846566616,145,127,1.3455905020823948,1.4353548977395854,24.25396257615482,24.254018808937087,0.007633686217571275,57,51,0.0010755481740397782
misspec,,272,1.841891846566616,145,127,0.6993470406255403,0.7316669545988228,66.25809570552376,66.25813117646912,0.005115290258520711,55,50,0.01676332334946242
perturbed,0.003,272,1.841891846566616,145,127,1.3262014937092446,1.4176290398783953,24.255727615514054,24.255783848483166,0.007633686217792308,57,57,0.00027858602111204207
perturbed,0.01,272,1.841891846566616,145,127,0.11706193899884679,0.17343044624574255,24.259846150716175,24.25990238412127,0.00763368621830963,57,57,0.0003939834729211964
perturbed,0.03,272,1.841891846566616,145,127,1.3130861117944932,1.393672670691069,24.271614242958147,24.271670477608893,0.007633686219785962,57,57,0.006771959950905202
perturbed,0.1,272,1.841891846566616,145,127,0.7342301705893358,0.7720384368240005,24.31370553192255,24.31376177093311,0.007633686224953494,57,57,0.030078252596922518
trained,0,272,1.841891846566616,145,127,1.0946783394988144,1.1692933594685497,7.047619706220244,7.047619706220245,5.16284566223091e-15,0,0,0.004230121171181256
trained,1,272,1.841891846566616,145,127,1.0768345818055076,1.1371616618896254,7.427516359254985,7.42751635925498,5.8742751817227394e-15,0,0,0.002452384206937812
trained,2,272,1.841891846566616,145,127,1.30091320604591,1.3854432898147337,7.422598782834976,7.422598782834977,4.636430183714816e-15,0,0,0.002755638041969799
oracle,,544,1.841891846566616,290,254,1.6323621508743218,1.6948377009343571,22.36927623586938,22.369304230743342,0.007633686217571188,113,101,0.0005566389233939423
misspec,,544,1.841891846566616,290,254,0.6816966455348993,0.6976481920181922,56.15738443809253,56.15740207301591,0.005115290258520777,110,101,0.01742114926204117
perturbed,0.003,544,1.841891846566616,290,254,1.473789627924773,1.535084130629237,22.37092946069244,22.370957455669856,0.007633686217792554,114,114,0.00018289575418481915
perturbed,0.01,544,1.841891846566616,290,254,1.742863593806987,1.8098183186483936,22.374787040463044,22.37481503568186,0.00763368621830944,114,114,0.0016108588485459312
perturbed,0.03,544,1.841891846566616,290,254,1.2606540929247714,1.2984444306590772,22.385809122651498,22.38583711856003,0.007633686219785943,114,114,0.00854991182786671
perturbed,0.1,544,1.841891846566616,290,254,0.7114493879686975,0.7298648382070695,22.424842222680862,22.42487022100341,0.007633686224953324,114,114,0.030589165877761254
trained,0,544,1.841891846566616,290,254,1.1325873545666678,1.1774172230869775,6.875819590398867,6.875819590398868,1.0183737736621585e-14,0,0,0.002941457295646873
trained,1,544,1.841891846566616,290,254,1.5588766312563955,1.6074515748612377,7.252016405842675,7.252016405842673,7.575415542070218e-15,0,0,0.001931501528314565
trained,2,544,1.841891846566616,290,254,1.6247866463316147,1.680695199902046,7.229318873555719,7.22931887355572,4.786650095028574e-15,0,0,0.0022142543259823953
oracle,,1088,1.841891846566616,581,507,1.921223166198615,1.963241004059852,21.385593964052045,21.385607651488197,0.007572402014364632,225,201,0.0002992053670896955
misspec,,1088,1.841891846566616,581,507,0.6728341941682107,0.6807335563277122,50.885307224619666,50.88531582928965,0.005060877556948926,218,200,0.017892598410117505
perturbed,0.003,1088,1.841891846566616,581,507,1.574187731352117,1.613939349271089,21.38717463481653,21.387188322307065,0.007572402014588831,227,227,0.00015384519661516458
perturbed,0.01,1088,1.841891846566616,581,507,1.755228230186592,1.788281206474068,21.390862894233383,21.390876581850822,0.007572402015113621,227,227,0.0025549013344153696
perturbed,0.03,1088,1.841891846566616,581,507,1.22391158579814,1.2419348796656027,21.401457423345892,21.40147111132591,0.007572402016610855,227,227,0.009023620485103499
perturbed,0.1,1088,1.841891846566616,581,507,0.699724815672568,0.7087620338194262,21.438972849396777,21.438986538645846,0.007572402021851726,227,227,0.030855808910739056
trained,0,1088,1.841891846566616,581,507,1.3277014279559414,1.3547535991984478,6.785999386536674,6.785999386536676,3.052968715006238e-14,0,0,0.0022225960423713
trained,1,1088,1.841891846566616,581,507,1.8751087303197553,1.9068142684467122,7.1600836809919945,7.160083680991993,8.337747283385912e-15,0,0,0.0017709543845842676
trained,2,1088,1.841891846566616,581,507,1.8785689624039204,1.9120725969058934,7.128168115164234,7.128168115164237,3.644645059673045e-14,0,0,0.0017378814235753882
