arm,variant,K,threshold,is_common,n_low,Lambda,Lambda_dir,Lambda_field_pts
oracle,,17,0.8756136981528339,False,7,0.3252768102603795,0.5593940335870162,46.26114557582608
oracle,,17,1.5294181185296347,False,8,0.3252768102603795,0.6426278067120199,46.3542361171673
oracle,,17,1.5705805532785535,False,8,0.3252768102603795,0.6426278067120199,46.3542361171673
oracle,,17,1.841891846566616,True,8,0.3252768102603795,0.6426278067120199,46.3542361171673
misspec,,17,0.8756136981528339,False,7,0.20514460533895967,0.7270268928375372,193.58966964193854
misspec,,17,1.5294181185296347,False,8,0.20514460533895967,0.8079355424596382,193.6831775230855
misspec,,17,1.5705805532785535,False,8,0.20514460533895967,0.8079355424596382,193.6831775230855
misspec,,17,1.841891846566616,True,8,0.20514460533895967,0.8079355424596382,193.6831775230855
perturbed,0.003,17,0.8756136981528339,False,7,0.3265640673466109,0.562542684209155,46.26427868866192
perturbed,0.003,17,1.5294181185296347,False,8,0.3265640673466109,0.6457619356316027,46.357369230003115
perturbed,0.003,17,1.5705805532785535,False,8,0.3265640673466109,0.6457619356316027,46.357369230003115
perturbed,0.003,17,1.841891846566616,True,8,0.3265640673466109,0.6457619356316027,46.357369230003115
perturbed,0.01,17,0.8756136981528339,False,7,0.3290944209096688,0.5696226537254181,46.27159027198674
perturbed,0.01,17,1.5294181185296347,False,8,0.3290944209096688,0.6528255403376122,46.36468081332789
perturbed,0.01,17,1.5705805532785535,False,8,0.3290944209096688,0.6528255403376122,46.36468081332789
perturbed,0.01,17,1.841891846566616,True,8,0.3290944209096688,0.6528255403376122,46.36468081332789
perturbed,0.03,17,0.8756136981528339,False,7,0.331594494797545,0.5867314154544855,46.29248812180382
perturbed,0.03,17,1.5294181185296347,False,8,0.331594494797545,0.6701446822429815,46.38557866314484
perturbed,0.03,17,1.5705805532785535,False,8,0.331594494797545,0.6701446822429815,46.38557866314484
perturbed,0.03,17,1.841891846566616,True,8,0.331594494797545,0.6701446822429815,46.38557866314484
perturbed,0.1,17,0.8756136981528339,False,7,0.20263142316117286,0.5190608975639177,46.36571939986892
perturbed,0.1,17,1.5294181185296347,False,8,0.20263142316117286,0.5999416438435422,46.45880994120948
perturbed,0.1,17,1.5705805532785535,False,8,0.20263142316117286,0.5999416438435422,46.45880994120948
perturbed,0.1,17,1.841891846566616,True,8,0.20263142316117286,0.5999416438435422,46.45880994120948
trained,0,17,0.8756136981528339,False,7,0.3236315245916019,0.5544254070049545,8.735367246192133
trained,0,17,1.5294181185296347,False,8,0.3236315245916019,0.6375429675075671,8.886034664688504
trained,0,17,1.5705805532785535,False,8,0.3236315245916019,0.6375429675075671,8.886034664688504
trained,0,17,1.841891846566616,True,8,0.3236315245916019,0.6375429675075671,8.886034664688504
trained,1,17,0.8756136981528339,False,7,0.33397624794572767,0.5629443250272865,9.187635734508033
trained,1,17,1.5294181185296347,False,8,0.33397624794572767,0.6458817387931781,9.338651069746424
trained,1,17,1.5705805532785535,False,8,0.33397624794572767,0.6458817387931781,9.338651069746424
trained,1,17,1.841891846566616,True,8,0.33397624794572767,0.6458817387931781,9.338651069746424
trained,2,17,0.8756136981528339,False,7,0.3195396536885877,0.5528594609108478,9.303203049116004
trained,2,17,1.5294181185296347,False,8,0.3195396536885877,0.6357775964539351,9.474056677200378
trained,2,17,1.5705805532785535,False,8,0.3195396536885877,0.6357775964539351,9.474056677200378
trained,2,17,1.841891846566616,True,8,0.3195396536885877,0.6357775964539351,9.474056677200378
oracle,,34,0.8756136981528339,False,14,0.5478625879468549,0.7288449088728024,41.22693386582429
oracle,,34,1.5294181185296347,False,16,0.5478625879468549,0.7808680234172416,41.28772334410844
oracle,,34,1.5705805532785535,False,16,0.5478625879468549,0.7808680234172416,41.28772334410844
oracle,,34,1.841891846566616,True,16,0.5478625879468549,0.7808680234172416,41.28772334410844
misspec,,34,0.8756136981528339,False,14,0.913631241043063,1.1901074575244783,157.80801916472166
misspec,,34,1.5294181185296347,False,16,0.913631241043063,1.2403520101707775,157.8690464276407
misspec,,34,1.5705805532785535,False,16,0.913631241043063,1.2403520101707775,157.8690464276407
misspec,,34,1.841891846566616,True,16,0.913631241043063,1.2403520101707775,157.8690464276407
perturbed,0.003,34,0.8756136981528339,False,14,0.5496117232295279,0.7330368298709299,41.22970903446637
perturbed,0.003,34,1.5294181185296347,False,16,0.5496117232295279,0.7850682007508966,41.290498512750496
perturbed,0.003,34,1.5705805532785535,False,16,0.5496117232295279,0.7850682007508966,41.290498512750496
perturbed,0.003,34,1.841891846566616,True,16,0.5496117232295279,0.7850682007508966,41.290498512750496
perturbed,0.01,34,0.8756136981528339,False,14,0.5513070624872961,0.7403651245344417,41.23618494996274
perturbed,0.01,34,1.5294181185296347,False,16,0.5513070624872961,0.7924605141062552,41.29697442824682
perturbed,0.01,34,1.5705805532785535,False,16,0.5513070624872961,0.7924605141062552,41.29697442824682
perturbed,0.01,34,1.841891846566616,True,16,0.5513070624872961,0.7924605141062552,41.29697442824682
perturbed,0.03,34,0.8756136981528339,False,14,0.5252321712798103,0.7285366854202419,41.25469159251001
perturbed,0.03,34,1.5294181185296347,False,16,0.5252321712798103,0.7806756188923443,41.315481070793986
perturbed,0.03,34,1.5705805532785535,False,16,0.5252321712798103,0.7806756188923443,41.315481070793986
perturbed,0.03,34,1.841891846566616,True,16,0.5252321712798103,0.7806756188923443,41.315481070793986
perturbed,0.1,34,0.8756136981528339,False,14,0.3278853054330316,0.5462303335014275,41.319511821264406
perturbed,0.1,34,1.5294181185296347,False,16,0.3278853054330316,0.5966496996142896,41.38030129954797
perturbed,0.1,34,1.5705805532785535,False,16,0.3278853054330316,0.5966496996142896,41.38030129954797
perturbed,0.1,34,1.841891846566616,True,16,0.3278853054330316,0.5966496996142896,41.38030129954797
trained,0,34,0.8756136981528339,False,14,0.5341491343508391,0.7143406635178079,8.461214392817462
trained,0,34,1.5294181185296347,False,16,0.5341491343508391,0.766438402878361,8.56312226407421
trained,0,34,1.5705805532785535,False,16,0.5341491343508391,0.766438402878361,8.56312226407421
trained,0,34,1.841891846566616,True,16,0.5341491343508391,0.766438402878361,8.56312226407421
trained,1,34,0.8756136981528339,False,14,0.5414333999114824,0.7164428734996594,8.82680554663625
trained,1,34,1.5294181185296347,False,16,0.5414333999114824,0.7683429431372353,8.92962004491687
trained,1,34,1.5705805532785535,False,16,0.5414333999114824,0.7683429431372353,8.92962004491687
trained,1,34,1.841891846566616,True,16,0.5414333999114824,0.7683429431372353,8.92962004491687
trained,2,34,0.8756136981528339,False,14,0.5354839120307271,0.7190557376541011,9.010009554262975
trained,2,34,1.5294181185296347,False,16,0.5354839120307271,0.7709399152448315,9.127604183420875
trained,2,34,1.5705805532785535,False,16,0.5354839120307271,0.7709399152448315,9.127604183420875
trained,2,34,1.841891846566616,True,16,0.5354839120307271,0.7709399152448315,9.127604183420875
oracle,,68,0.8756136981528339,False,27,0.795419454323629,0.9339745016034489,33.436624532359325
oracle,,68,1.5294181185296347,False,31,0.795419454323629,0.9626715490464486,33.472962198463755
oracle,,68,1.5705805532785535,False,31,0.795419454323629,0.9626715490464486,33.472962198463755
oracle,,68,1.841891846566616,True,32,0.795419454323629,0.9700165328139747,33.48117713176606
misspec,,68,0.8756136981528339,False,27,0.802654860985233,0.9145154245489286,115.68428771912278
misspec,,68,1.5294181185296347,False,31,0.802654860985233,0.9419571371825262,115.72073914472351
misspec,,68,1.5705805532785535,False,31,0.802654860985233,0.9419571371825262,115.72073914472351
misspec,,68,1.841891846566616,True,32,0.802654860985233,0.9490962005389119,115.72899090688747
perturbed,0.003,68,0.8756136981528339,False,27,0.7974766671081381,0.9368161544035425,33.43898184304723
perturbed,0.003,68,1.5294181185296347,False,31,0.7974766671081381,0.965554136202181,33.47531950915164
perturbed,0.003,68,1.5705805532785535,False,31,0.7974766671081381,0.965554136202181,33.47531950915164
perturbed,0.003,68,1.841891846566616,True,32,0.7974766671081381,0.9729035372935564,33.483534442453944
perturbed,0.01,68,0.8756136981528339,False,27,0.7899399395597694,0.9310850786097461,33.44448260440801
perturbed,0.01,68,1.5294181185296347,False,31,0.7899399395597694,0.9600637304312284,33.48082027051238
perturbed,0.01,68,1.5705805532785535,False,31,0.7899399395597694,0.9600637304312284,33.48082027051238
perturbed,0.01,68,1.841891846566616,True,32,0.7899399395597694,0.9674552142406501,33.48903520381468
perturbed,0.03,68,0.8756136981528339,False,27,0.5046378275762411,0.657642501276783,33.46020191783965
perturbed,0.03,68,1.5294181185296347,False,31,0.5046378275762411,0.6853899288812022,33.49653958394389
perturbed,0.03,68,1.5705805532785535,False,31,0.5046378275762411,0.6853899288812022,33.49653958394389
perturbed,0.03,68,1.841891846566616,True,32,0.5046378275762411,0.6926512215794335,33.504754517246184
perturbed,0.1,68,0.8756136981528339,False,27,0.8267058966079106,0.958501532782197,33.51525279286005
perturbed,0.1,68,1.5294181185296347,False,31,0.8267058966079106,0.9860692738800906,33.55159045896389
perturbed,0.1,68,1.5705805532785535,False,31,0.8267058966079106,0.9860692738800906,33.55159045896389
perturbed,0.1,68,1.841891846566616,True,32,0.8267058966079106,0.9932496334644724,33.55980539226614
trained,0,68,0.8756136981528339,False,27,0.7561892652801272,0.888883377524429,7.803763758264544
trained,0,68,1.5294181185296347,False,31,0.7561892652801272,0.9178566904744708,7.867381921007495
trained,0,68,1.5705805532785535,False,31,0.7561892652801272,0.9178566904744708,7.867381921007495
trained,0,68,1.841891846566616,True,32,0.7561892652801272,0.9251974867980527,7.880677823855902
trained,1,68,0.8756136981528339,False,27,0.7461531249476839,0.872234604661611,8.194067839432268
trained,1,68,1.5294181185296347,False,31,0.7461531249476839,0.9009607685942986,8.259507012210038
trained,1,68,1.5705805532785535,False,31,0.7461531249476839,0.9009607685942986,8.259507012210038
trained,1,68,1.841891846566616,True,32,0.7461531249476839,0.9083683264442435,8.272833617563656
trained,2,68,0.8756136981528339,False,27,0.7788909118478899,0.9187165386937586,8.272651868709024
trained,2,68,1.5294181185296347,False,31,0.7788909118478899,0.9475284582954999,8.34802532318955
trained,2,68,1.5705805532785535,False,31,0.7788909118478899,0.9475284582954999,8.34802532318955
trained,2,68,1.841891846566616,True,32,0.7788909118478899,0.9548019723806613,8.363102592468987
oracle,,136,0.8756136981528339,False,54,1.064339402919995,1.172042845787047,27.68552513695305
oracle,,136,1.5294181185296347,False,61,1.064339402919995,1.185257198950007,27.70278037597357
oracle,,136,1.5705805532785535,False,62,1.064339402919995,1.187208366373403,27.705047164526878
oracle,,136,1.841891846566616,True,64,1.064339402919995,1.1911057286697273,27.709445402694186
misspec,,136,0.8756136981528339,False,54,0.7346632487570132,0.7847986475807405,84.7516869520492
misspec,,136,1.5294181185296347,False,61,0.7346632487570132,0.7973906483406699,84.76899207803581
misspec,,136,1.5705805532785535,False,62,0.7346632487570132,0.7992753927587426,84.77126792874597
misspec,,136,1.841891846566616,True,64,0.7346632487570132,0.8030577427417729,84.77568540454723
perturbed,0.003,136,0.8756136981528339,False,54,1.0630166761553381,1.1730812071362693,27.687551249977247
perturbed,0.003,136,1.5294181185296347,False,61,1.0630166761553381,1.1863578489332551,27.704806488997754
perturbed,0.003,136,1.5705805532785535,False,62,1.0630166761553381,1.1883146597626597,27.70707327755106
perturbed,0.003,136,1.841891846566616,True,64,1.0630166761553381,1.1922214561329687,27.711471515718372
perturbed,0.01,136,0.8756136981528339,False,54,0.9818496330059479,1.0891171851308237,27.692279065703833
perturbed,0.01,136,1.5294181185296347,False,61,0.9818496330059479,1.1025062539165278,27.70953430472432
perturbed,0.01,136,1.5705805532785535,False,62,0.9818496330059479,1.1044319289872688,27.711801093277625
perturbed,0.01,136,1.841891846566616,True,64,0.9818496330059479,1.1082917875059526,27.71619933144493
perturbed,0.03,136,0.8756136981528339,False,54,1.0699404974432214,1.1793225076658975,27.705788797520942
perturbed,0.03,136,1.5294181185296347,False,61,1.0699404974432214,1.1921762547114538,27.723044036541356
perturbed,0.03,136,1.5705805532785535,False,62,1.0699404974432214,1.1941019746414836,27.725310825094656
perturbed,0.03,136,1.841891846566616,True,64,1.0699404974432214,1.1979586373931008,27.72970906326196
perturbed,0.1,136,0.8756136981528339,False,54,0.777216636641725,0.8386879867928502,27.75309253919363
perturbed,0.1,136,1.5294181185296347,False,61,0.777216636641725,0.8513577377580708,27.770347778213818
perturbed,0.1,136,1.5705805532785535,False,62,0.777216636641725,0.8532574510889114,27.772614566767103
perturbed,0.1,136,1.841891846566616,True,64,0.777216636641725,0.8570657382805386,27.77701280493438
trained,0,136,0.8756136981528339,False,54,0.9606526698314494,1.0573678465563479,7.321741565546749
trained,0,136,1.5294181185296347,False,61,0.9606526698314494,1.0708253117229536,7.352317405133414
trained,0,136,1.5705805532785535,False,62,0.9606526698314494,1.072787933639103,7.356115698946045
trained,0,136,1.841891846566616,True,64,0.9606526698314494,1.0766939093318753,7.363297947896048
trained,1,136,0.8756136981528339,False,54,0.9148390067660715,0.9968064733999675,7.706345595311825
trained,1,136,1.5294181185296347,False,61,0.9148390067660715,1.0102414297694189,7.738032747972978
trained,1,136,1.5705805532785535,False,62,0.9148390067660715,1.01223770513507,7.7418588543848195
trained,1,136,1.841891846566616,True,64,0.9148390067660715,1.0162067492663351,7.749066432320948
trained,2,136,0.8756136981528339,False,54,1.041237286946625,1.1484526997914923,7.729445274834494
trained,2,136,1.5294181185296347,False,61,1.041237286946625,1.1617909864862974,7.765981928425442
trained,2,136,1.5705805532785535,False,62,1.041237286946625,1.1637290320108962,7.77035542016812
trained,2,136,1.841891846566616,True,64,1.041237286946625,1.167594263158973,7.778530858426433
oracle,,272,0.8756136981528339,False,107,1.3455905020823948,1.4256008356708272,24.241434027512177
oracle,,272,1.5294181185296347,False,122,1.3455905020823948,1.4328433682549322,24.251072889853404
oracle,,272,1.5705805532785535,False,123,1.3455905020823948,1.4333456069892814,24.251662831658564
oracle,,272,1.841891846566616,True,127,1.3455905020823948,1.4353548977395854,24.25396257615482
misspec,,272,0.8756136981528339,False,107,0.6993470406255403,0.7223472464525201,66.24552814826963
misspec,,272,1.5294181185296347,False,122,0.6993470406255403,0.7292371718086704,66.25519410166909
misspec,,272,1.5705805532785535,False,123,0.6993470406255403,0.7297214927038586,66.25578631439778
misspec,,272,1.841891846566616,True,127,0.6993470406255403,0.7316669545988228,66.25809570552376
perturbed,0.003,272,0.8756136981528339,False,107,1.3262014937092446,1.4077293372569035,24.24319906687142
perturbed,0.003,272,1.5294181185296347,False,122,1.3262014937092446,1.4150921028207644,24.25283792921264
perturbed,0.003,272,1.5705805532785535,False,123,1.3262014937092446,1.4156003025487887,24.2534278710178
perturbed,0.003,272,1.841891846566616,True,127,1.3262014937092446,1.4176290398783953,24.255727615514054
perturbed,0.01,272,0.8756136981528339,False,107,0.11706193899884679,0.16391853201223067,24.247317602073558
perturbed,0.01,272,1.5294181185296347,False,122,0.11706193899884679,0.17094091214631216,24.25695646441476
perturbed,0.01,272,1.5705805532785535,False,123,0.11706193899884679,0.17143776300770602,24.257546406219923
perturbed,0.01,272,1.841891846566616,True,127,0.11706193899884679,0.17343044624574255,24.259846150716175
perturbed,0.03,272,0.8756136981528339,False,107,1.3130861117944932,1.38413065647816,24.259085694315576
perturbed,0.03,272,1.5294181185296347,False,122,1.3130861117944932,1.391189316220228,24.268724556656732
perturbed,0.03,272,1.5705805532785535,False,123,1.3130861117944932,1.3916850828919676,24.2693144984619
perturbed,0.03,272,1.841891846566616,True,127,1.3130861117944932,1.393672670691069,24.271614242958147
perturbed,0.1,272,0.8756136981528339,False,107,0.7342301705893358,0.7626538775907981,24.30117698328015
perturbed,0.1,272,1.5294181185296347,False,122,0.7342301705893358,0.7695892048526698,24.310815845621157
perturbed,0.1,272,1.5705805532785535,False,123,0.7342301705893358,0.7700777544160511,24.311405787426317
perturbed,0.1,272,1.841891846566616,True,127,0.7342301705893358,0.7720384368240005,24.31370553192255
trained,0,272,0.8756136981528339,False,107,1.0946783394988144,1.1593267255494084,7.025665001912486
trained,0,272,1.5294181185296347,False,122,1.0946783394988144,1.1667651588416013,7.04281808120578
trained,0,272,1.5705805532785535,False,123,1.0946783394988144,1.1672722791460064,7.043814876029123
trained,0,272,1.841891846566616,True,127,1.0946783394988144,1.1692933594685497,7.047619706220244
trained,1,272,0.8756136981528339,False,107,1.0768345818055076,1.1270422534829772,7.404812386149157
trained,1,272,1.5294181185296347,False,122,1.0768345818055076,1.134582676408108,7.422685500858649
trained,1,272,1.5705805532785535,False,123,1.0768345818055076,1.1351012384443573,7.423690983595096
trained,1,272,1.841891846566616,True,127,1.0768345818055076,1.1371616618896254,7.427516359254985
trained,2,272,0.8756136981528339,False,107,1.30091320604591,1.3755893487239592,7.396499499518267
trained,2,272,1.5294181185296347,False,122,1.30091320604591,1.3829417589386797,7.417090480123314
trained,2,272,1.5705805532785535,False,123,1.30091320604591,1.3834422838808738,7.4182429336299816
trained,2,272,1.841891846566616,True,127,1.30091320604591,1.3854432898147337,7.422598782834976
oracle,,544,0.8756136981528339,False,213,1.6323621508743218,1.6897788568208905,22.362719823008078
oracle,,544,1.5294181185296347,False,243,1.6323621508743218,1.693435765388114,22.36765465600697
oracle,,544,1.5705805532785535,False,245,1.6323621508743218,1.6936904714029246,22.367956454388487
oracle,,544,1.841891846566616,True,254,1.6323621508743218,1.6948377009343571,22.36927623586938
misspec,,544,0.8756136981528339,False,213,0.6816966455348993,0.6928187519044335,56.15080788326929
misspec,,544,1.5294181185296347,False,243,0.6816966455348993,0.6962930320120058,56.155756285349504
misspec,,544,1.5705805532785535,False,245,0.6816966455348993,0.6965383283367711,56.15605921064485
misspec,,544,1.841891846566616,True,254,0.6816966455348993,0.6976481920181922,56.15738443809253
perturbed,0.003,544,0.8756136981528339,False,213,1.473789627924773,1.5300362769050986,22.364373047831144
perturbed,0.003,544,1.5294181185296347,False,243,1.473789627924773,1.5336965062494183,22.369307880830032
perturbed,0.003,544,1.5705805532785535,False,245,1.473789627924773,1.5339478064701988,22.36960967921155
perturbed,0.003,544,1.841891846566616,True,254,1.473789627924773,1.535084130629237,22.37092946069244
perturbed,0.01,544,0.8756136981528339,False,213,1.742863593806987,1.804855383992271,22.36823062760175
perturbed,0.01,544,1.5294181185296347,False,243,1.742863593806987,1.8084273329677074,22.373165460600635
perturbed,0.01,544,1.5705805532785535,False,245,1.742863593806987,1.808679589172053,22.37346725898215
perturbed,0.01,544,1.841891846566616,True,254,1.742863593806987,1.8098183186483936,22.374787040463044
perturbed,0.03,544,0.8756136981528339,False,213,1.2606540929247714,1.2934929621024294,22.379252709790233
perturbed,0.03,544,1.5294181185296347,False,243,1.2606540929247714,1.2970582477330135,22.38418754278909
perturbed,0.03,544,1.5705805532785535,False,245,1.2606540929247714,1.2973096199574932,22.38448934117061
perturbed,0.03,544,1.841891846566616,True,254,1.2606540929247714,1.2984444306590772,22.385809122651498
perturbed,0.1,544,0.8756136981528339,False,213,0.7114493879686975,0.7250007115653341,22.418285809819697
perturbed,0.1,544,1.5294181185296347,False,243,0.7114493879686975,0.7284983062222257,22.423220642818467
perturbed,0.1,544,1.5705805532785535,False,245,0.7114493879686975,0.7287458599769314,22.42352244119998
perturbed,0.1,544,1.841891846566616,True,254,0.7114493879686975,0.7298648382070695,22.424842222680862
trained,0,544,0.8756136981528339,False,213,1.1325873545666678,1.1722248049608714,6.864303675512543
trained,0,544,1.5294181185296347,False,243,1.1325873545666678,1.1760031834144666,6.873113558988241
trained,0,544,1.5705805532785535,False,245,1.1325873545666678,1.176261081965724,6.873626624974068
trained,0,544,1.841891846566616,True,254,1.1325873545666678,1.1774172230869775,6.875819590398867
trained,1,544,0.8756136981528339,False,213,1.5588766312563955,1.602140621748487,7.240077523105289
trained,1,544,1.5294181185296347,False,243,1.5588766312563955,1.6060082318180362,7.249292034720193
trained,1,544,1.5705805532785535,False,245,1.5588766312563955,1.606272355717405,7.249810127349607
trained,1,544,1.841891846566616,True,254,1.5588766312563955,1.6074515748612377,7.252016405842675
trained,2,544,0.8756136981528339,False,213,1.6247866463316147,1.6755717688237501,7.215598326068282
trained,2,544,1.5294181185296347,False,243,1.6247866463316147,1.6792937388415625,7.22620821216498
trained,2,544,1.5705805532785535,False,245,1.6247866463316147,1.6795484725067815,7.226803272456537
trained,2,544,1.841891846566616,True,254,1.6247866463316147,1.680695199902046,7.229318873555719
oracle,,1088,0.8756136981528339,False,425,1.921223166198615,1.9606974076870165,21.382276986799525
oracle,,1088,1.5294181185296347,False,486,1.921223166198615,1.9625668327804224,21.384812214737032
oracle,,1088,1.5705805532785535,False,489,1.921223166198615,1.9626630427338305,21.384926546251993
oracle,,1088,1.841891846566616,True,507,1.921223166198615,1.963241004059852,21.385593964052045
misspec,,1088,0.8756136981528339,False,425,0.6728341941682107,0.6783070873944435,50.88198016875894
misspec,,1088,1.5294181185296347,False,486,0.6728341941682107,0.6800821729006803,50.884522332666734
misspec,,1088,1.5705805532785535,False,489,0.6728341941682107,0.6801747827205473,50.884637086656255
misspec,,1088,1.841891846566616,True,507,0.6728341941682107,0.6807335563277122,50.885307224619666
perturbed,0.003,1088,0.8756136981528339,False,425,1.574187731352117,1.6114543289814238,21.38385765756401
perturbed,0.003,1088,1.5294181185296347,False,486,1.574187731352117,1.6132702847401514,21.386392885501518
perturbed,0.003,1088,1.5705805532785535,False,489,1.574187731352117,1.6133655570309449,21.38650721701648
perturbed,0.003,1088,1.841891846566616,True,507,1.574187731352117,1.613939349271089,21.38717463481653
perturbed,0.01,1088,0.8756136981528339,False,425,1.755228230186592,1.7857814930611826,21.38754591698087
perturbed,0.01,1088,1.5294181185296347,False,486,1.755228230186592,1.787612057396748,21.390081144918373
perturbed,0.01,1088,1.5705805532785535,False,489,1.755228230186592,1.7877073908729746,21.39019547643333
perturbed,0.01,1088,1.841891846566616,True,507,1.755228230186592,1.788281206474068,21.390862894233383
perturbed,0.03,1088,0.8756136981528339,False,425,1.22391158579814,1.239445302374284,21.39814044609339
perturbed,0.03,1088,1.5294181185296347,False,486,1.22391158579814,1.2412683041372354,21.400675674030882
perturbed,0.03,1088,1.5705805532785535,False,489,1.22391158579814,1.241363252153822,21.40079000554584
perturbed,0.03,1088,1.841891846566616,True,507,1.22391158579814,1.2419348796656027,21.401457423345892
perturbed,0.1,1088,0.8756136981528339,False,425,0.699724815672568,0.7063178705851937,21.435655872144327
perturbed,0.1,1088,1.5294181185296347,False,486,0.699724815672568,0.7081050509947244,21.43819110008177
perturbed,0.1,1088,1.5705805532785535,False,489,0.699724815672568,0.7081985318800915,21.438305431596728
perturbed,0.1,1088,1.841891846566616,True,507,0.699724815672568,0.7087620338194262,21.438972849396777
trained,0,1088,0.8756136981528339,False,425,1.3277014279559414,1.352136674091782,6.780162497575114
trained,0,1088,1.5294181185296347,False,486,1.3277014279559414,1.3540729179199544,6.7846920897804015
trained,0,1088,1.5705805532785535,False,489,1.3277014279559414,1.354170451961715,6.784886848519089
trained,0,1088,1.841891846566616,True,507,1.3277014279559414,1.3547535991984478,6.785999386536674
trained,1,1088,0.8756136981528339,False,425,1.8751087303197553,1.9041322090594233,7.154022583463417
trained,1,1088,1.5294181185296347,False,486,1.8751087303197553,1.9061195573948337,7.158767098618864
trained,1,1088,1.5705805532785535,False,489,1.8751087303197553,1.9062194464659175,7.158963836418604
trained,1,1088,1.841891846566616,True,507,1.8751087303197553,1.9068142684467122,7.1600836809919945
trained,2,1088,0.8756136981528339,False,425,1.8785689624039204,1.9094969760717144,7.121202896586987
trained,2,1088,1.5294181185296347,False,486,1.8785689624039204,1.911397123089721,7.126663878050862
trained,2,1088,1.5705805532785535,False,489,1.8785689624039204,1.911493554534428,7.126890001218877
trained,2,1088,1.841891846566616,True,507,1.8785689624039204,1.9120725969058934,7.128168115164234
