sigma,power_iters,random_starts,seconds_level,SF_n,SF_mean,SF_std,SF_min,SF_q50,SF_q75,SF_q90,SF_q95,SF_q99,SF_max,b_probe_mean,b_probe_q50,b_probe_q75,b_probe_q90,b_probe_q95,b_probe_q99,b_probe_max
60.05296637046716,8,2,344.24441599845886,128,7.139472961425781,0.9902322292327881,5.330216884613037,7.015028476715088,7.791063189506531,8.69105043411255,9.046015548706054,9.180188102722168,9.704757690429688,0.9404916700088652,0.9415277208993454,0.935066916653177,0.9275741572242431,0.9246189284415536,0.9235018874221017,0.919134632499341
60.05296637046716,16,2,344.24441599845886,128,7.139471054077148,0.9902320504188538,5.330173969268799,7.015009880065918,7.791039347648621,8.691060733795165,9.04599494934082,9.180166187286376,9.704754829406738,0.9404916858883176,0.9415278757240046,0.9350671151463297,0.9275740714752011,0.9246190999396376,0.9235020698770078,0.9191346563185194
60.05296637046716,32,2,344.24441599845886,128,7.139472007751465,0.9902294874191284,5.330186367034912,7.015023231506348,7.7910315990448,8.691078090667725,9.046006202697754,9.180188598632812,9.704752922058105,0.9404916779485915,0.941527764567839,0.9350671796566044,0.9275739269721859,0.9246190062508695,0.9235018832934442,0.9191346721979716
42.62276147499661,8,2,339.85649275779724,128,8.825265884399414,1.345396637916565,6.4183430671691895,8.66123104095459,9.916607141494751,10.797184371948243,11.237576723098755,11.87663420677185,11.892141342163086,0.8963490340722977,0.8982730327491115,0.8835484662751885,0.8732199934297548,0.8680545402668877,0.8605589025891004,0.86037701618407
42.62276147499661,16,2,339.85649275779724,128,8.825263977050781,1.3453962802886963,6.418359279632568,8.661227226257324,9.916608095169067,10.79710340499878,11.237580299377441,11.87668342590332,11.892180442810059,0.8963490564439851,0.8982730774924863,0.8835484550893448,0.8732209431078863,0.8680544983199737,0.8605583252877061,0.8603765575644776
42.62276147499661,32,2,339.85649275779724,128,8.825268745422363,1.345396876335144,6.418367385864258,8.66123342514038,9.916624784469604,10.79718656539917,11.237565612792968,11.87665415763855,11.892181396484375,0.8963490005147665,0.8982730047845022,0.8835482593370797,0.8732199677023142,0.868054670581967,0.8605586685812499,0.8603765463786339
40.78557379650796,8,2,340.54426431655884,128,9.074078559875488,1.4017364978790283,6.586625099182129,8.921445369720459,10.196587562561035,11.104531383514404,11.52383975982666,12.252887411117554,12.342548370361328,0.888625173309164,0.8904960585306374,0.8748661376632324,0.8637371120900627,0.8585974839155756,0.8496612592637506,0.8485622495174304
40.78557379650796,16,2,340.54426431655884,128,9.074077606201172,1.4017306566238403,6.586606502532959,8.921420574188232,10.196601390838623,11.104570865631104,11.523791694641114,12.25285234451294,12.342527389526367,0.8886251849987262,0.8904963624592571,0.8748659681645792,0.8637366281421837,0.8585980730695153,0.8496616890889561,0.848562506687801
40.78557379650796,32,2,340.54426431655884,128,9.074078559875488,1.4017318487167358,6.586607456207275,8.92146921157837,10.196557998657227,11.104551315307617,11.523845958709718,12.252898683547974,12.34254264831543,0.888625173309164,0.89049576629158,0.8748665000396636,0.8637368677782107,0.8585974079334207,0.8496611210931242,0.8485623196548042
39.01668479354711,8,2,340.5375201702118,128,9.331533432006836,1.4615113735198975,6.763768196105957,9.137253761291504,10.473484516143799,11.463268661499024,11.827971744537352,12.644971256256104,12.818049430847168,0.8802715532070596,0.8827608442808977,0.8656398182960664,0.8529577871345595,0.8482848734639431,0.837816719053534,0.8355990811838622
39.01668479354711,16,2,340.5375201702118,128,9.331537246704102,1.4615064859390259,6.7637224197387695,9.137266635894775,10.473475217819214,11.463271236419677,11.828040647506713,12.64488772392273,12.81804370880127,0.8802715043296253,0.8827606793195567,0.8656399374348127,0.8529577541422912,0.848283990615285,0.837817789347153,0.8355991545000137
39.01668479354711,32,2,340.5375201702118,128,9.33153247833252,1.4615031480789185,6.763728618621826,9.137245178222656,10.47349238395691,11.46325979232788,11.827972173690796,12.644915847778321,12.818177223205566,0.8802715654264183,0.882760954255125,0.865639717486358,0.8529579007745943,0.8482848679652317,0.8378174289982682,0.835597443789811
29.72207616356115,8,2,339.65620970726013,128,11.038825988769531,1.9074865579605103,8.032310485839844,10.665052890777588,12.519701480865479,13.921248722076415,14.371093797683715,15.503887529373172,16.173433303833008,0.814068832017145,0.8203548557326931,0.7891638334682933,0.7655929578647664,0.7580275744041007,0.7389765289958578,0.7277162734035993
29.72207616356115,16,2,339.65620970726013,128,11.038825988769531,1.9074773788452148,8.032265663146973,10.665071487426758,12.519721746444702,13.92117290496826,14.371094322204588,15.50379873275757,16.173372268676758,0.814068832017145,0.8203545429788369,0.7891634926467835,0.7655942329381799,0.7580275655828381,0.7389780223554241,0.7277172998777938
29.72207616356115,32,2,339.65620970726013,128,11.038837432861328,1.9074838161468506,8.032255172729492,10.665013790130615,12.519745826721191,13.92128620147705,14.371156311035154,15.503811502456667,16.17345428466797,0.8140686395532335,0.8203555133177238,0.7891630876706365,0.7655923275454564,0.7580265230699844,0.7389778075977762,0.727715920553095
20.324220585062683,8,2,338.8960793018341,128,13.419538497924805,2.6863176822662354,8.780926704406738,12.797491550445557,15.045261144638062,17.417880821228028,18.80799045562744,20.398617820739748,20.67311668395996,0.6694582232505262,0.6847520619061335,0.6294877034073612,0.571153742165478,0.5369760767203483,0.49786842032591994,0.4911195063697469
20.324220585062683,16,2,338.8960793018341,128,13.41954517364502,2.686323404312134,8.780869483947754,12.797530174255371,15.045247793197632,17.417984390258788,18.808030414581296,20.39850124359131,20.673234939575195,0.6694580591192041,0.6847511122891987,0.6294880316700053,0.5711511957852529,0.5369750942771492,0.4978712865277499,0.4911165989006132
20.324220585062683,32,2,338.8960793018341,128,13.41954231262207,2.686319351196289,8.78084659576416,12.797494888305664,15.04524302482605,17.417976570129394,18.80808000564575,20.39846929550171,20.67327117919922,0.6694581294611992,0.6847519798404724,0.6294881489066639,0.571151388053373,0.5369738750158995,0.4978720720133627,0.49111570790200765
12.25238611881397,8,2,338.11500549316406,128,14.857742309570312,3.7582266330718994,8.84045696258545,14.043315410614014,15.827356338500977,19.718321228027342,21.059753417968746,23.304085044860845,41.70505905151367,0.39302512656996214,0.4262053112932752,0.3535225356910704,0.1950025580824507,0.14035189770631007,0.04891663438668681,-0.7007488265798514
12.25238611881397,16,2,338.11500549316406,128,14.858084678649902,3.757981538772583,8.844371795654297,14.043619155883789,15.82747197151184,19.718418502807616,21.05965719223022,23.30383079528809,41.70518112182617,0.39301117827169385,0.42619293654954693,0.35351782474075,0.19499859505620187,0.14035581799404073,0.04892699264941203,-0.7007537997892617
12.25238611881397,32,2,338.11500549316406,128,14.858081817626953,3.7579939365386963,8.844433784484863,14.043619155883789,15.827497482299805,19.718383979797363,21.05955190658569,23.304103565216067,41.70547866821289,0.3930112948312895,0.42619293654954693,0.3535167854176896,0.19500000154198815,0.1403601073871572,0.04891587985757162,-0.7007659219871996
9.376974006210345,8,2,337.60538935661316,128,14.221707344055176,3.5119094848632812,9.095460891723633,13.26887845993042,15.316756963729858,18.11259365081787,18.860968112945557,28.114532566070558,33.64455795288086,0.24098344097135782,0.2916462366953304,0.18275863679767534,0.03410140640143311,-0.005690358029218245,-0.4977109646861251,-0.79174754479852
9.376974006210345,16,2,337.60538935661316,128,14.225997924804688,3.510077714920044,9.136382102966309,13.268887519836426,15.316856384277344,18.112732315063475,18.86079158782959,28.114938983917238,33.64680862426758,0.24075530681246382,0.29164575497172307,0.18275335051493147,0.03409403349485329,-0.005680972025037034,-0.49773257430007356,-0.7918672150841368
9.376974006210345,32,2,337.60538935661316,128,14.2305269241333,3.5057201385498047,9.138579368591309,13.268900871276855,15.3168466091156,18.11270580291748,18.860682106018068,28.114380035400394,33.64557647705078,0.24051449571653416,0.29164504506324906,0.18275387026934997,0.034095443170251705,-0.005675150775550364,-0.4977028544888873,-0.7918017006735365
8.877462928241497,8,2,338.30452585220337,128,13.998371124267578,3.4236414432525635,8.946356773376465,13.068520069122314,15.07268214225769,17.74498062133789,18.75104608535766,24.34823604583741,36.868343353271484,0.2109091220642797,0.2631149552468497,0.15059268591996966,0.000558368229055417,-0.05592646930995848,-0.37017676106481556,-1.0731093758131713
8.877462928241497,16,2,338.30452585220337,128,14.003705024719238,3.420128107070923,9.14443302154541,13.0691237449646,15.072744607925415,17.745029830932616,18.750644683837884,24.348274364471443,36.86697769165039,0.2106096539767286,0.2630810622914733,0.15058917882901046,0.0005556053909869796,-0.0559039329040848,-0.37017891243755974,-1.0730327017024304
8.877462928241497,32,2,338.30452585220337,128,14.004219055175781,3.4196455478668213,9.176932334899902,13.069160461425781,15.072747707366943,17.745115280151367,18.75104961395263,24.34873273849488,36.86568832397461,0.21058079409845387,0.2630790008715965,0.15058900481304682,0.0005508079047282788,-0.05592666742044006,-0.3702046475245614,-1.0729603110615638
8.400935309099815,8,2,338.9939057826996,128,13.820306777954102,3.601119041442871,9.211816787719727,12.818747997283936,14.862012147903442,17.489570236206056,19.700225448608393,22.161238231658935,41.1061897277832,0.17682790263094594,0.23622744865338796,0.1150473788530727,-0.04078546950789619,-0.1718930176250224,-0.317848547035702,-1.4414186659397439
8.400935309099815,16,2,338.9939057826996,128,13.823921203613281,3.599735975265503,9.212413787841797,12.81950330734253,14.86185359954834,17.48936824798584,19.70028047561645,22.161053905487062,41.10589599609375,0.17661354152959996,0.23618265340476896,0.11505678189610669,-0.040773490172469895,-0.1718962811172513,-0.3178376151851299,-1.441401245565281
8.400935309099815,32,2,338.9939057826996,128,13.824518203735352,3.5994746685028076,9.212691307067871,12.819430351257324,14.861880779266357,17.48941822052002,19.700285530090326,22.1611882019043,41.10591506958008,0.1765781351841006,0.236186980218556,0.11505516994587228,-0.04077645389851492,-0.17189658088343518,-0.31784557991607754,-1.4414023767584276
7.946503042423345,8,2,338.9932918548584,128,13.677186965942383,4.044433116912842,9.22475814819336,12.594524383544922,14.642126560211182,17.07618808746338,20.332702064514155,23.519584102630624,46.816219329833984,0.13887122576073974,0.2067245440303146,0.07839591751110198,-0.07415313533474455,-0.2782474514464527,-0.4779777503739936,-1.938039297140651
7.946503042423345,16,2,338.9932918548584,128,13.687023162841797,4.039631366729736,9.255599975585938,12.594606399536133,14.642025470733643,17.07536792755127,20.332259654998772,23.520295886993416,46.81925964355469,0.13825476536982062,0.2067194038719261,0.07840225305516213,-0.07410173375085949,-0.27821972447579635,-0.47802235977649177,-1.9382298416167272
7.946503042423345,32,2,338.9932918548584,128,13.687702178955078,4.039177417755127,9.25550651550293,12.5945725440979,14.64195203781128,17.075560188293455,20.332525539398187,23.51972188949586,46.818634033203125,0.13821220963990655,0.2067215256814935,0.07840685528999836,-0.07411378323843054,-0.27823638815206053,-0.47798638584008624,-1.9381906329666938
5.976588892004314,8,2,338.8458468914032,128,12.998647689819336,7.118899822235107,8.497359275817871,11.232176780700684,13.440465927124023,15.420323371887207,19.54695835113523,42.37971876144415,74.74778747558594,-0.08685586242040266,0.059899537614835685,-0.1235613704612134,-0.2880445611093586,-0.6308783796867089,-2.5277852976701314,-5.216869419005578
5.976588892004314,16,2,338.8458468914032,128,13.028253555297852,7.111279010772705,8.550020217895508,11.278322219848633,13.440097570419312,15.420558643341064,19.54816436767576,42.38005231857306,74.74817657470703,-0.08931546739281437,0.05606585298012079,-0.12353076801241192,-0.2880641070617712,-0.630978573490604,-2.527813009029336,-5.2169017446990695
5.976588892004314,32,2,338.8458468914032,128,13.031110763549805,7.110635280609131,8.550222396850586,11.27830982208252,13.440003871917725,15.42040843963623,19.54761095046995,42.38206037521368,74.74663543701172,-0.089552839396981,0.05606688296545259,-0.12352298370019266,-0.28805162839332776,-0.6309325965299838,-2.5279798349612363,-5.216773709599359
3.9293449058789607,8,2,338.72582268714905,128,10.712669372558594,4.1661834716796875,6.992016792297363,9.982399463653564,11.75429654121399,14.918003749847411,16.881186962127686,27.97474357604985,38.12999725341797,-0.3573756451081159,-0.2659311640815024,-0.487808317602774,-0.8839680939893199,-1.129798119049926,-2.5189345396105547,-3.790576559768482
3.9293449058789607,16,2,338.72582268714905,128,10.72677993774414,4.159461975097656,6.995789527893066,9.988213539123535,11.805997848510742,14.917353534698487,16.880505084991455,27.973614006042528,38.13054656982422,-0.3591425716850568,-0.266659203272927,-0.4942823611810422,-0.8838866739744405,-1.1297127343173958,-2.518793094725803,-3.790645345231331
3.9293449058789607,32,2,338.72582268714905,128,10.728570938110352,4.1585516929626465,6.996248722076416,10.002287864685059,11.806671142578125,14.917608451843261,16.8801607131958,27.973550281524705,38.12909698486328,-0.35936684095455507,-0.26842159192002735,-0.4943666711407152,-0.8839185947282938,-1.129669612041988,-2.5187851151344356,-3.7904638280377005
