rho_edm,K,M,theta_K,outside_mesh,kappa,final_error,sum_defect_measured,sum_defect_universal,propagated_discretization,propagated_delta,amplification_product
2.0,68,4096,2.9264705882352944,True,nan,0.07918089467041056,0.11004358560016458,35.254925416697795,0.11835667902856634,6.022419371228151,0.007905635049649534
2.0,136,4096,1.4632352941176472,True,nan,0.05209044366642521,0.06149682997807515,17.824313484315198,0.08110266968131981,3.814117975173634,0.010155039473839712
2.0,272,4096,0.7316176470588236,True,0.35274874199626194,0.034301919831336326,0.032194699035552554,8.965354596778937,0.05307497326039731,2.425712053874615,0.013144817684618896
2.0,544,4096,0.3658088235294118,False,0.6563408121046037,0.02290457204002658,0.01644043247353549,4.49660275648196,0.03477301357198745,1.5691343324303022,0.01731986359359823
3.0,68,4096,0.4882282196107931,False,0.4309061336989626,0.05973584823010137,0.07026178342194996,39.232430221434555,0.08823841474834607,5.27031833164296,0.010380841422170523
3.0,136,4096,0.24411410980539655,False,0.6766532748220531,0.03963252733002738,0.0368784187534572,19.75071763749755,0.058497033870330666,3.3892491317848004,0.013423548812513609
3.0,272,4096,0.12205705490269828,False,0.8278576020955006,0.02650210440162511,0.018825752577337585,9.909402056591565,0.038560840746437786,2.2120040608124985,0.01765840212088687
3.0,544,4096,0.06102852745134914,False,0.9112219783228707,0.017256255828905356,0.009502143318512752,4.963265876678309,0.024785782943995034,1.417084573155253,0.022786365462818883
7.0,68,4096,0.05211746532927603,False,0.8340231687793037,0.049526551782604435,0.04959681222127643,57.111449073532185,0.06957339020513519,5.856685493576199,0.013432763796460839
7.0,136,4096,0.026058732664638016,False,0.9130250556437725,0.03309763465063799,0.025508606012452598,28.7864784152345,0.04613941473750342,3.8261073224102797,0.017232492113112303
7.0,272,4096,0.013029366332319008,False,0.9554705592275428,0.021759949112779696,0.012923573129626624,14.451193865569989,0.03007532806995792,2.4817242514377447,0.022187802506168915
7.0,544,4096,0.006514683166159504,False,0.9774689325220092,0.013871643272594542,0.006502983728387351,7.240118971302621,0.01906089323911356,1.5705911877386318,0.028006284827399686
